term	FBbt	reference
AL-AST1	FBbt:00047928	
AL-MBDL1	FBbt:00047933	
AMMC-A1	FBbt:00110183	
AOTU001	FBbt:20000000	
AOTU002	FBbt:20000001	
AOTU003	FBbt:20000002	
AOTU004	FBbt:20000003	
AOTU005	FBbt:20000004	
AOTU006	FBbt:20000005	
AOTU007	FBbt:20000006	
AOTU008	FBbt:20000007	
AOTU009	FBbt:20000008	
AOTU010	FBbt:20000009	
AOTU011	FBbt:20000010	
AOTU012	FBbt:20000011	
AOTU013	FBbt:20000012	
AOTU014	FBbt:20000013	
AOTU015	FBbt:20000014	
AOTU016	FBbt:20000015	
AOTU017	FBbt:20000016	
AOTU018	FBbt:20000017	
AOTU019	FBbt:20000018	
AOTU020	FBbt:20000019	
AOTU021	FBbt:20000020	
AOTU022	FBbt:20000021	
AOTU023	FBbt:20000022	
AOTU024	FBbt:20000023	
AOTU025	FBbt:20000024	
AOTU026	FBbt:20000025	
AOTU027	FBbt:20000026	
AOTU028	FBbt:20000027	
AOTU029	FBbt:20000028	
AOTU030	FBbt:20000029	
AOTU031	FBbt:20000030	
AOTU032	FBbt:20000031	
AOTU033	FBbt:20000032	
AOTU034	FBbt:20000033	
AOTU035	FBbt:20000034	
AOTU036	FBbt:20000035	
AOTU037	FBbt:20000036	
AOTU038	FBbt:20000037	
AOTU039	FBbt:20000038	
AOTU040	FBbt:20000039	
AOTU041	FBbt:20000040	
AOTU042	FBbt:20000041	
AOTU043	FBbt:20000042	
AOTU044	FBbt:20000043	
AOTU045	FBbt:20000044	
AOTU046	FBbt:20000045	
AOTU047	FBbt:20000046	
AOTU048	FBbt:20000047	
AOTU049	FBbt:20000048	
AOTU050	FBbt:20000049	
AOTU051	FBbt:20000050	
AOTU052	FBbt:20000051	
AOTU053	FBbt:20000052	
AOTU054	FBbt:20000053	
AOTU055	FBbt:20000054	
AOTU056	FBbt:20000055	
AOTU057	FBbt:20000056	
AOTU058	FBbt:20000057	
AOTU059	FBbt:20000058	
AOTU060	FBbt:20000059	
AOTU061	FBbt:20000060	
AOTU062	FBbt:20000061	
AOTU063	FBbt:20000062	
AOTU064	FBbt:20000063	
AOTU065	FBbt:20000064	
APL	FBbt:00100222	
ATL001	FBbt:20000065	
ATL002	FBbt:20000066	
ATL003	FBbt:20000067	
ATL004	FBbt:20000068	
ATL005	FBbt:20000069	
ATL006	FBbt:20000070	
ATL007	FBbt:20000071	
ATL008	FBbt:20000072	
ATL009	FBbt:20000073	
ATL010	FBbt:20000074	
ATL011	FBbt:20000075	
ATL012	FBbt:20000076	
ATL013	FBbt:20000077	
ATL014	FBbt:20000078	
ATL015	FBbt:20000079	
ATL016	FBbt:20000080	
ATL017	FBbt:20000081	
ATL018	FBbt:20000082	
ATL019	FBbt:20000083	
ATL020	FBbt:20000084	
ATL021	FBbt:20000085	
ATL022	FBbt:20000086	
ATL023	FBbt:20000087	
ATL024	FBbt:20000088	
ATL025	FBbt:20000089	
ATL026	FBbt:20000090	
ATL027	FBbt:20000091	
ATL028	FBbt:20000092	
ATL029	FBbt:20000093	
ATL030	FBbt:20000094	
ATL031	FBbt:20000095	
ATL032	FBbt:20000096	
ATL033	FBbt:20000097	
ATL034	FBbt:20000098	
ATL035	FBbt:20000099	
ATL036	FBbt:20000100	
ATL037	FBbt:20000101	
ATL038	FBbt:20000102	
ATL039	FBbt:20000103	
ATL040	FBbt:20000104	
ATL041	FBbt:20000105	
ATL042	FBbt:20000106	
ATL043	FBbt:20000107	
ATL044	FBbt:20000108	
ATL045	FBbt:20000109	
AVLP001	FBbt:20000110	
AVLP002	FBbt:20000111	
AVLP003	FBbt:20000112	
AVLP004	FBbt:20000113	
AVLP005	FBbt:20000114	
AVLP006	FBbt:20000115	
AVLP007	FBbt:20000116	
AVLP008	FBbt:20000117	
AVLP009	FBbt:20000118	
AVLP010	FBbt:20000119	
AVLP011	FBbt:20000120	
AVLP012	FBbt:20000121	
AVLP013	FBbt:20000122	
AVLP014	FBbt:20000123	
AVLP015	FBbt:20000124	
AVLP016	FBbt:20000125	
AVLP017	FBbt:20000126	
AVLP018	FBbt:20000127	
AVLP019	FBbt:20000128	
AVLP020	FBbt:20000129	
AVLP021	FBbt:20000130	
AVLP022	FBbt:20000131	
AVLP023	FBbt:20000132	
AVLP024	FBbt:20000133	
AVLP025	FBbt:20000134	
AVLP026	FBbt:20000135	
AVLP027	FBbt:20000136	
AVLP028	FBbt:20000137	
AVLP029	FBbt:20000138	
AVLP030	FBbt:20000139	
AVLP031	FBbt:20000140	
AVLP032	FBbt:20000141	
AVLP033	FBbt:20000142	
AVLP034	FBbt:20000143	
AVLP035	FBbt:20000144	
AVLP036	FBbt:20000145	
AVLP037	FBbt:20000146	
AVLP038	FBbt:20000147	
AVLP039	FBbt:20000148	
AVLP040	FBbt:20000149	
AVLP041	FBbt:20000150	
AVLP042	FBbt:20000151	
AVLP043	FBbt:20000152	
AVLP044	FBbt:20000153	
AVLP045	FBbt:20000154	
AVLP046	FBbt:20000155	
AVLP047	FBbt:20000156	
AVLP048	FBbt:20000157	
AVLP049	FBbt:20000158	
AVLP050	FBbt:20000159	
AVLP051	FBbt:20000160	
AVLP052	FBbt:20000161	
AVLP053	FBbt:20000162	
AVLP054	FBbt:20000163	
AVLP055	FBbt:20000164	
AVLP056	FBbt:20000165	
AVLP057	FBbt:20000166	
AVLP058	FBbt:20000167	
AVLP059	FBbt:20000168	
AVLP060	FBbt:20000169	
AVLP061	FBbt:20000170	
AVLP062	FBbt:20000171	
AVLP063	FBbt:20000172	
AVLP064	FBbt:20000173	
AVLP065	FBbt:20000174	
AVLP066	FBbt:20000175	
AVLP067	FBbt:20000176	
AVLP068	FBbt:20000177	
AVLP069	FBbt:20000178	
AVLP070	FBbt:20000179	
AVLP071	FBbt:20000180	
AVLP072	FBbt:20000181	
AVLP073	FBbt:20000182	
AVLP074	FBbt:20000183	
AVLP075	FBbt:20000184	
AVLP076	FBbt:20000185	
AVLP077	FBbt:20000186	
AVLP078	FBbt:20000187	
AVLP079	FBbt:20000188	
AVLP080	FBbt:20000189	
AVLP081	FBbt:20000190	
AVLP082	FBbt:20000191	
AVLP083	FBbt:20000192	
AVLP084	FBbt:20000193	
AVLP085	FBbt:20000194	
AVLP086	FBbt:20000195	
AVLP087	FBbt:20000196	
AVLP088	FBbt:20000197	
AVLP089	FBbt:20000198	
AVLP090	FBbt:20000199	
AVLP091	FBbt:20000200	
AVLP092	FBbt:20000201	
AVLP093	FBbt:20000202	
AVLP094	FBbt:20000203	
AVLP095	FBbt:20000204	
AVLP096	FBbt:20000205	
AVLP097	FBbt:20000206	
AVLP098	FBbt:20000207	
AVLP099	FBbt:20000208	
AVLP100	FBbt:20000209	
AVLP101	FBbt:20000210	
AVLP102	FBbt:20000211	
AVLP103	FBbt:20000212	
AVLP104	FBbt:20000213	
AVLP105	FBbt:20000214	
AVLP106	FBbt:20000215	
AVLP107	FBbt:20000216	
AVLP108	FBbt:20000217	
AVLP109	FBbt:20000218	
AVLP110	FBbt:20000219	
AVLP111	FBbt:20000220	
AVLP112	FBbt:20000221	
AVLP113	FBbt:20000222	
AVLP114	FBbt:20000223	
AVLP115	FBbt:20000224	
AVLP116	FBbt:20000225	
AVLP117	FBbt:20000226	
AVLP118	FBbt:20000227	
AVLP119	FBbt:20000228	
AVLP120	FBbt:20000229	
AVLP121	FBbt:20000230	
AVLP122	FBbt:20000231	
AVLP123	FBbt:20000232	
AVLP124	FBbt:20000233	
AVLP125	FBbt:20000234	
AVLP126	FBbt:20000235	
AVLP127	FBbt:20000236	
AVLP128	FBbt:20000237	
AVLP129	FBbt:20000238	
AVLP130	FBbt:20000239	
AVLP131	FBbt:20000240	
AVLP132	FBbt:20000241	
AVLP133	FBbt:20000242	
AVLP134	FBbt:20000243	
AVLP135	FBbt:20000244	
AVLP136	FBbt:20000245	
AVLP137	FBbt:20000246	
AVLP138	FBbt:20000247	
AVLP139	FBbt:20000248	
AVLP140	FBbt:20000249	
AVLP141	FBbt:20000250	
AVLP142	FBbt:20000251	
AVLP143	FBbt:20000252	
AVLP144	FBbt:20000253	
AVLP145	FBbt:20000254	
AVLP146	FBbt:20000255	
AVLP147	FBbt:20000256	
AVLP148	FBbt:20000257	
AVLP149	FBbt:20000258	
AVLP150	FBbt:20000259	
AVLP151	FBbt:20000260	
AVLP152	FBbt:20000261	
AVLP153	FBbt:20000262	
AVLP154	FBbt:20000263	
AVLP155	FBbt:20000264	
AVLP156	FBbt:20000265	
AVLP157	FBbt:20000266	
AVLP158	FBbt:20000267	
AVLP159	FBbt:20000268	
AVLP160	FBbt:20000269	
AVLP161	FBbt:20000270	
AVLP162	FBbt:20000271	
AVLP163	FBbt:20000272	
AVLP164	FBbt:20000273	
AVLP165	FBbt:20000274	
AVLP166	FBbt:20000275	
AVLP167	FBbt:20000276	
AVLP168	FBbt:20000277	
AVLP169	FBbt:20000278	
AVLP170	FBbt:20000279	
AVLP171	FBbt:20000280	
AVLP172	FBbt:20000281	
AVLP173	FBbt:20000282	
AVLP174	FBbt:20000283	
AVLP175	FBbt:20000284	
AVLP176	FBbt:20000285	
AVLP177	FBbt:20000286	
AVLP178	FBbt:20000287	
AVLP179	FBbt:20000288	
AVLP180	FBbt:20000289	
AVLP181	FBbt:20000290	
AVLP182	FBbt:20000291	
AVLP183	FBbt:20000292	
AVLP184	FBbt:20000293	
AVLP185	FBbt:20000294	
AVLP186	FBbt:20000295	
AVLP187	FBbt:20000296	
AVLP188	FBbt:20000297	
AVLP189	FBbt:20000298	
AVLP190	FBbt:20000299	
AVLP191	FBbt:20000300	
AVLP192	FBbt:20000301	
AVLP193	FBbt:20000302	
AVLP194	FBbt:20000303	
AVLP195	FBbt:20000304	
AVLP196	FBbt:20000305	
AVLP197	FBbt:20000306	
AVLP198	FBbt:20000307	
AVLP199	FBbt:20000308	
AVLP200	FBbt:20000309	
AVLP201	FBbt:20000310	
AVLP202	FBbt:20000311	
AVLP203	FBbt:20000312	
AVLP204	FBbt:20000313	
AVLP205	FBbt:20000314	
AVLP206	FBbt:20000315	
AVLP207	FBbt:20000316	
AVLP208	FBbt:20000317	
AVLP209	FBbt:20000318	
AVLP210	FBbt:20000319	
AVLP211	FBbt:20000320	
AVLP212	FBbt:20000321	
AVLP213	FBbt:20000322	
AVLP214	FBbt:20000323	
AVLP215	FBbt:20000324	
AVLP216	FBbt:20000325	
AVLP217	FBbt:20000326	
AVLP218	FBbt:20000327	
AVLP219	FBbt:20000328	
AVLP220	FBbt:20000329	
AVLP221	FBbt:20000330	
AVLP222	FBbt:20000331	
AVLP223	FBbt:20000332	
AVLP224	FBbt:20000333	
AVLP225	FBbt:20000334	
AVLP226	FBbt:20000335	
AVLP227	FBbt:20000336	
AVLP228	FBbt:20000337	
AVLP229	FBbt:20000338	
AVLP230	FBbt:20000339	
AVLP231	FBbt:20000340	
AVLP232	FBbt:20000341	
AVLP233	FBbt:20000342	
AVLP234	FBbt:20000343	
AVLP235	FBbt:20000344	
AVLP236	FBbt:20000345	
AVLP237	FBbt:20000346	
AVLP238	FBbt:20000347	
AVLP239	FBbt:20000348	
AVLP240	FBbt:20000349	
AVLP241	FBbt:20000350	
AVLP242	FBbt:20000351	
AVLP243	FBbt:20000352	
AVLP244	FBbt:20000353	
AVLP245	FBbt:20000354	
AVLP246	FBbt:20000355	
AVLP247	FBbt:20000356	
AVLP248	FBbt:20000357	
AVLP249	FBbt:20000358	
AVLP250	FBbt:20000359	
AVLP251	FBbt:20000360	
AVLP252	FBbt:20000361	
AVLP253	FBbt:20000362	
AVLP254	FBbt:20000363	
AVLP255	FBbt:20000364	
AVLP256	FBbt:20000365	
AVLP257	FBbt:20000366	
AVLP258	FBbt:20000367	
AVLP259	FBbt:20000368	
AVLP260	FBbt:20000369	
AVLP261	FBbt:20000370	
AVLP262	FBbt:20000371	
AVLP263	FBbt:20000372	
AVLP264	FBbt:20000373	
AVLP265	FBbt:20000374	
AVLP266	FBbt:20000375	
AVLP267	FBbt:20000376	
AVLP268	FBbt:20000377	
AVLP269	FBbt:20000378	
AVLP270	FBbt:20000379	
AVLP271	FBbt:20000380	
AVLP272	FBbt:20000381	
AVLP273	FBbt:20000382	
AVLP274	FBbt:20000383	
AVLP275	FBbt:20000384	
AVLP276	FBbt:20000385	
AVLP277	FBbt:20000386	
AVLP278	FBbt:20000387	
AVLP279	FBbt:20000388	
AVLP280	FBbt:20000389	
AVLP281	FBbt:20000390	
AVLP282	FBbt:20000391	
AVLP283	FBbt:20000392	
AVLP284	FBbt:20000393	
AVLP285	FBbt:20000394	
AVLP286	FBbt:20000395	
AVLP287	FBbt:20000396	
AVLP288	FBbt:20000397	
AVLP289	FBbt:20000398	
AVLP290	FBbt:20000399	
AVLP291	FBbt:20000400	
AVLP292	FBbt:20000401	
AVLP293	FBbt:20000402	
AVLP294	FBbt:20000403	
AVLP295	FBbt:20000404	
AVLP296	FBbt:20000405	
AVLP297	FBbt:20000406	
AVLP298	FBbt:20000407	
AVLP299	FBbt:20000408	
AVLP300	FBbt:20000409	
AVLP301	FBbt:20000410	
AVLP302	FBbt:20000411	
AVLP303	FBbt:20000412	
AVLP304	FBbt:20000413	
AVLP305	FBbt:20000414	
AVLP306	FBbt:20000415	
AVLP307	FBbt:20000416	
AVLP308	FBbt:20000417	
AVLP309	FBbt:20000418	
AVLP310	FBbt:20000419	
AVLP311	FBbt:20000420	
AVLP312	FBbt:20000421	
AVLP313	FBbt:20000422	
AVLP314	FBbt:20000423	
AVLP315	FBbt:20000424	
AVLP316	FBbt:20000425	
AVLP317	FBbt:20000426	
AVLP318	FBbt:20000427	
AVLP319	FBbt:20000428	
AVLP320	FBbt:20000429	
AVLP321	FBbt:20000430	
AVLP322	FBbt:20000431	
AVLP323	FBbt:20000432	
AVLP324	FBbt:20000433	
AVLP325	FBbt:20000434	
AVLP326	FBbt:20000435	
AVLP327	FBbt:20000436	
AVLP328	FBbt:20000437	
AVLP329	FBbt:20000438	
AVLP330	FBbt:20000439	
AVLP331	FBbt:20000440	
AVLP332	FBbt:20000441	
AVLP333	FBbt:20000442	
AVLP334	FBbt:20000443	
AVLP335	FBbt:20000444	
AVLP336	FBbt:20000445	
AVLP337	FBbt:20000446	
AVLP338	FBbt:20000447	
AVLP339	FBbt:20000448	
AVLP340	FBbt:20000449	
AVLP341	FBbt:20000450	
AVLP342	FBbt:20000451	
AVLP343	FBbt:20000452	
AVLP344	FBbt:20000453	
AVLP345	FBbt:20000454	
AVLP346	FBbt:20000455	
AVLP347	FBbt:20000456	
AVLP348	FBbt:20000457	
AVLP349	FBbt:20000458	
AVLP350	FBbt:20000459	
AVLP351	FBbt:20000460	
AVLP352	FBbt:20000461	
AVLP353	FBbt:20000462	
AVLP354	FBbt:20000463	
AVLP355	FBbt:20000464	
AVLP356	FBbt:20000465	
AVLP357	FBbt:20000466	
AVLP358	FBbt:20000467	
AVLP359	FBbt:20000468	
AVLP360	FBbt:20000469	
AVLP361	FBbt:20000470	
AVLP362	FBbt:20000471	
AVLP363	FBbt:20000472	
AVLP364	FBbt:20000473	
AVLP365	FBbt:20000474	
AVLP366	FBbt:20000475	
AVLP367	FBbt:20000476	
AVLP368	FBbt:20000477	
AVLP369	FBbt:20000478	
AVLP370	FBbt:20000479	
AVLP371	FBbt:20000480	
AVLP372	FBbt:20000481	
AVLP373	FBbt:20000482	
AVLP374	FBbt:20000483	
AVLP375	FBbt:20000484	
AVLP376	FBbt:20000485	
AVLP377	FBbt:20000486	
AVLP378	FBbt:20000487	
AVLP379	FBbt:20000488	
AVLP380	FBbt:20000489	
AVLP381	FBbt:20000490	
AVLP382	FBbt:20000491	
AVLP383	FBbt:20000492	
AVLP384	FBbt:20000493	
AVLP385	FBbt:20000494	
AVLP386	FBbt:20000495	
AVLP387	FBbt:20000496	
AVLP388	FBbt:20000497	
AVLP389	FBbt:20000498	
AVLP390	FBbt:20000499	
AVLP391	FBbt:20000500	
AVLP392	FBbt:20000501	
AVLP393	FBbt:20000502	
AVLP394	FBbt:20000503	
AVLP395	FBbt:20000504	
AVLP396	FBbt:20000505	
AVLP397	FBbt:20000506	
AVLP398	FBbt:20000507	
AVLP399	FBbt:20000508	
AVLP400	FBbt:20000509	
AVLP401	FBbt:20000510	
AVLP402	FBbt:20000511	
AVLP403	FBbt:20000512	
AVLP404	FBbt:20000513	
AVLP405	FBbt:20000514	
AVLP406	FBbt:20000515	
AVLP407	FBbt:20000516	
AVLP408	FBbt:20000517	
AVLP409	FBbt:20000518	
AVLP410	FBbt:20000519	
AVLP411	FBbt:20000520	
AVLP412	FBbt:20000521	
AVLP413	FBbt:20000522	
AVLP414	FBbt:20000523	
AVLP415	FBbt:20000524	
AVLP416	FBbt:20000525	
AVLP417	FBbt:20000526	
AVLP418	FBbt:20000527	
AVLP419	FBbt:20000528	
AVLP420	FBbt:20000529	
AVLP421	FBbt:20000530	
AVLP422	FBbt:20000531	
AVLP423	FBbt:20000532	
AVLP424	FBbt:20000533	
AVLP425	FBbt:20000534	
AVLP426	FBbt:20000535	
AVLP427	FBbt:20000536	
AVLP428	FBbt:20000537	
AVLP429	FBbt:20000538	
AVLP430	FBbt:20000539	
AVLP431	FBbt:20000540	
AVLP432	FBbt:20000541	
AVLP433	FBbt:20000542	
AVLP434	FBbt:20000543	
AVLP435	FBbt:20000544	
AVLP436	FBbt:20000545	
AVLP437	FBbt:20000546	
AVLP438	FBbt:20000547	
AVLP439	FBbt:20000548	
AVLP440	FBbt:20000549	
AVLP441	FBbt:20000550	
AVLP442	FBbt:20000551	
AVLP443	FBbt:20000552	
AVLP444	FBbt:20000553	
AVLP445	FBbt:20000554	
AVLP446	FBbt:20000555	
AVLP447	FBbt:20000556	
AVLP448	FBbt:20000557	
AVLP449	FBbt:20000558	
AVLP450	FBbt:20000559	
AVLP451	FBbt:20000560	
AVLP452	FBbt:20000561	
AVLP453	FBbt:20000562	
AVLP454	FBbt:20000563	
AVLP455	FBbt:20000564	
AVLP456	FBbt:20000565	
AVLP457	FBbt:20000566	
AVLP458	FBbt:20000567	
AVLP459	FBbt:20000568	
AVLP460	FBbt:20000569	
AVLP461	FBbt:20000570	
AVLP462	FBbt:20000571	
AVLP463	FBbt:20000572	
AVLP464	FBbt:20000573	
AVLP465	FBbt:20000574	
AVLP466	FBbt:20000575	
AVLP467	FBbt:20000576	
AVLP468	FBbt:20000577	
AVLP469	FBbt:20000578	
AVLP470	FBbt:20000579	
AVLP471	FBbt:20000580	
AVLP472	FBbt:20000581	
AVLP473	FBbt:20000582	
AVLP474	FBbt:20000583	
AVLP475	FBbt:20000584	
AVLP476	FBbt:20000585	
AVLP477	FBbt:20000586	
AVLP478	FBbt:20000587	
AVLP479	FBbt:20000588	
AVLP480	FBbt:20000589	
AVLP481	FBbt:20000590	
AVLP482	FBbt:20000591	
AVLP483	FBbt:20000592	
AVLP484	FBbt:20000593	
AVLP485	FBbt:20000594	
AVLP486	FBbt:20000595	
AVLP487	FBbt:20000596	
AVLP488	FBbt:20000597	
AVLP489	FBbt:20000598	
AVLP490	FBbt:20000599	
AVLP491	FBbt:20000600	
AVLP492	FBbt:20000601	
AVLP493	FBbt:20000602	
AVLP494	FBbt:20000603	
AVLP495	FBbt:20000604	
AVLP496	FBbt:20000605	
AVLP497	FBbt:20000606	
AVLP498	FBbt:20000607	
AVLP499	FBbt:20000608	
AVLP500	FBbt:20000609	
AVLP501	FBbt:20000610	
AVLP502	FBbt:20000611	
AVLP503	FBbt:20000612	
AVLP504	FBbt:20000613	
AVLP505	FBbt:20000614	
AVLP506	FBbt:20000615	
AVLP507	FBbt:20000616	
AVLP508	FBbt:20000617	
AVLP509	FBbt:20000618	
AVLP510	FBbt:20000619	
AVLP511	FBbt:20000620	
AVLP512	FBbt:20000621	
AVLP513	FBbt:20000622	
AVLP514	FBbt:20000623	
AVLP515	FBbt:20000624	
AVLP516	FBbt:20000625	
AVLP517	FBbt:20000626	
AVLP518	FBbt:20000627	
AVLP519	FBbt:20000628	
AVLP520	FBbt:20000629	
AVLP521	FBbt:20000630	
AVLP522	FBbt:20000631	
AVLP523	FBbt:20000632	
AVLP524	FBbt:20000633	
AVLP525	FBbt:20000634	
AVLP526	FBbt:20000635	
AVLP527	FBbt:20000636	
AVLP528	FBbt:20000637	
AVLP529	FBbt:20000638	
AVLP530	FBbt:20000639	
AVLP531	FBbt:20000640	
AVLP532	FBbt:20000641	
AVLP533	FBbt:20000642	
AVLP534	FBbt:20000643	
AVLP535	FBbt:20000644	
AVLP536	FBbt:20000645	
AVLP537	FBbt:20000646	
AVLP538	FBbt:20000647	
AVLP539	FBbt:20000648	
AVLP540	FBbt:20000649	
AVLP541	FBbt:20000650	
AVLP542	FBbt:20000651	
AVLP543	FBbt:20000652	
AVLP544	FBbt:20000653	
AVLP545	FBbt:20000654	
AVLP546	FBbt:20000655	
AVLP547	FBbt:20000656	
AVLP548	FBbt:20000657	
AVLP549	FBbt:20000658	
AVLP550	FBbt:20000659	
AVLP551	FBbt:20000660	
AVLP552	FBbt:20000661	
AVLP553	FBbt:20000662	
AVLP554	FBbt:20000663	
AVLP555	FBbt:20000664	
AVLP556	FBbt:20000665	
AVLP557	FBbt:20000666	
AVLP558	FBbt:20000667	
AVLP559	FBbt:20000668	
AVLP560	FBbt:20000669	
AVLP561	FBbt:20000670	
AVLP562	FBbt:20000671	
AVLP563	FBbt:20000672	
AVLP564	FBbt:20000673	
AVLP565	FBbt:20000674	
AVLP566	FBbt:20000675	
AVLP567	FBbt:20000676	
AVLP568	FBbt:20000677	
AVLP569	FBbt:20000678	
AVLP570	FBbt:20000679	
AVLP571	FBbt:20000680	
AVLP572	FBbt:20000681	
AVLP573	FBbt:20000682	
AVLP574	FBbt:20000683	
AVLP575	FBbt:20000684	
AVLP576	FBbt:20000685	
AVLP577	FBbt:20000686	
AVLP578	FBbt:20000687	
AVLP579	FBbt:20000688	
AVLP580	FBbt:20000689	
AVLP581	FBbt:20000690	
AVLP582	FBbt:20000691	
AVLP583	FBbt:20000692	
AVLP584	FBbt:20000693	
AVLP585	FBbt:20000694	
AVLP586	FBbt:20000695	
AVLP587	FBbt:20000696	
AVLP588	FBbt:20000697	
AVLP589	FBbt:20000698	
AVLP590	FBbt:20000699	
AVLP591	FBbt:20000700	
AVLP592	FBbt:20000701	
AVLP593	FBbt:20000702	
AVLP594	FBbt:20000703	
AVLP595	FBbt:20000704	
AVLP596	FBbt:20000705	
CL001	FBbt:20000706	
CL002	FBbt:20000707	
CL003	FBbt:20000708	
CL004	FBbt:20000709	
CL005	FBbt:20000710	
CL006	FBbt:20000711	
CL007	FBbt:20000712	
CL008	FBbt:20000713	
CL009	FBbt:20000714	
CL010	FBbt:20000715	
CL011	FBbt:20000716	
CL012	FBbt:20000717	
CL013	FBbt:20000718	
CL014	FBbt:20000719	
CL015	FBbt:20000720	
CL016	FBbt:20000721	
CL017	FBbt:20000722	
CL018	FBbt:20000723	
CL019	FBbt:20000724	
CL020	FBbt:20000725	
CL021	FBbt:20000726	
CL022	FBbt:20000727	
CL023	FBbt:20000728	
CL024	FBbt:20000729	
CL025	FBbt:20000730	
CL026	FBbt:20000731	
CL027	FBbt:20000732	
CL028	FBbt:20000733	
CL029	FBbt:20000734	
CL030	FBbt:20000735	
CL031	FBbt:20000736	
CL032	FBbt:20000737	
CL033	FBbt:20000738	
CL034	FBbt:20000739	
CL035	FBbt:20000740	
CL036	FBbt:20000741	
CL037	FBbt:20000742	
CL038	FBbt:20000743	
CL039	FBbt:20000744	
CL040	FBbt:20000745	
CL041	FBbt:20000746	
CL042	FBbt:20000747	
CL043	FBbt:20000748	
CL044	FBbt:20000749	
CL045	FBbt:20000750	
CL046	FBbt:20000751	
CL047	FBbt:20000752	
CL048	FBbt:20000753	
CL049	FBbt:20000754	
CL050	FBbt:20000755	
CL051	FBbt:20000756	
CL052	FBbt:20000757	
CL053	FBbt:20000758	
CL054	FBbt:20000759	
CL055	FBbt:20000760	
CL056	FBbt:20000761	
CL057	FBbt:20000762	
CL058	FBbt:20000763	
CL059	FBbt:20000764	
CL060	FBbt:20000765	
CL061	FBbt:20000766	
CL062	FBbt:20000767	
CL063	FBbt:20000768	
CL064	FBbt:20000769	
CL065	FBbt:20000770	
CL066	FBbt:20000771	
CL067	FBbt:20000772	
CL068	FBbt:20000773	
CL069	FBbt:20000774	
CL070	FBbt:20000775	
CL071	FBbt:20000776	
CL072	FBbt:20000777	
CL073	FBbt:20000778	
CL074	FBbt:20000779	
CL075	FBbt:20000780	
CL076	FBbt:20000781	
CL077	FBbt:20000782	
CL078	FBbt:20000783	
CL079	FBbt:20000784	
CL080	FBbt:20000785	
CL081	FBbt:20000786	
CL082	FBbt:20000787	
CL083	FBbt:20000788	
CL084	FBbt:20000789	
CL085	FBbt:20000790	
CL086	FBbt:20000791	
CL087	FBbt:20000792	
CL088	FBbt:20000793	
CL089	FBbt:20000794	
CL090	FBbt:20000795	
CL091	FBbt:20000796	
CL092	FBbt:20000797	
CL093	FBbt:20000798	
CL094	FBbt:20000799	
CL095	FBbt:20000800	
CL096	FBbt:20000801	
CL097	FBbt:20000802	
CL098	FBbt:20000803	
CL099	FBbt:20000804	
CL100	FBbt:20000805	
CL101	FBbt:20000806	
CL102	FBbt:20000807	
CL103	FBbt:20000808	
CL104	FBbt:20000809	
CL105	FBbt:20000810	
CL106	FBbt:20000811	
CL107	FBbt:20000812	
CL108	FBbt:20000813	
CL109	FBbt:20000814	
CL110	FBbt:20000815	
CL111	FBbt:20000816	
CL112	FBbt:20000817	
CL113	FBbt:20000818	
CL114	FBbt:20000819	
CL115	FBbt:20000820	
CL116	FBbt:20000821	
CL117	FBbt:20000822	
CL118	FBbt:20000823	
CL119	FBbt:20000824	
CL120	FBbt:20000825	
CL121	FBbt:20000826	
CL122	FBbt:20000827	
CL123	FBbt:20000828	
CL124	FBbt:20000829	
CL125	FBbt:20000830	
CL126	FBbt:20000831	
CL127	FBbt:20000832	
CL128	FBbt:20000833	
CL129	FBbt:20000834	
CL130	FBbt:20000835	
CL131	FBbt:20000836	
CL132	FBbt:20000837	
CL133	FBbt:20000838	
CL134	FBbt:20000839	
CL135	FBbt:20000840	
CL136	FBbt:20000841	
CL137	FBbt:20000842	
CL138	FBbt:20000843	
CL139	FBbt:20000844	
CL140	FBbt:20000845	
CL141	FBbt:20000846	
CL142	FBbt:20000847	
CL143	FBbt:20000848	
CL144	FBbt:20000849	
CL145	FBbt:20000850	
CL146	FBbt:20000851	
CL147	FBbt:20000852	
CL148	FBbt:20000853	
CL149	FBbt:20000854	
CL150	FBbt:20000855	
CL151	FBbt:20000856	
CL152	FBbt:20000857	
CL153	FBbt:20000858	
CL154	FBbt:20000859	
CL155	FBbt:20000860	
CL156	FBbt:20000861	
CL157	FBbt:20000862	
CL158	FBbt:20000863	
CL159	FBbt:20000864	
CL160	FBbt:20000865	
CL161	FBbt:20000866	
CL162	FBbt:20000867	
CL163	FBbt:20000868	
CL164	FBbt:20000869	
CL165	FBbt:20000870	
CL166	FBbt:20000871	
CL167	FBbt:20000872	
CL168	FBbt:20000873	
CL169	FBbt:20000874	
CL170	FBbt:20000875	
CL171	FBbt:20000876	
CL172	FBbt:20000877	
CL173	FBbt:20000878	
CL174	FBbt:20000879	
CL175	FBbt:20000880	
CL176	FBbt:20000881	
CL177	FBbt:20000882	
CL178	FBbt:20000883	
CL179	FBbt:20000884	
CL180	FBbt:20000885	
CL181	FBbt:20000886	
CL182	FBbt:20000887	
CL183	FBbt:20000888	
CL184	FBbt:20000889	
CL185	FBbt:20000890	
CL186	FBbt:20000891	
CL187	FBbt:20000892	
CL188	FBbt:20000893	
CL189	FBbt:20000894	
CL190	FBbt:20000895	
CL191	FBbt:20000896	
CL192	FBbt:20000897	
CL193	FBbt:20000898	
CL194	FBbt:20000899	
CL195	FBbt:20000900	
CL196	FBbt:20000901	
CL197	FBbt:20000902	
CL198	FBbt:20000903	
CL199	FBbt:20000904	
CL200	FBbt:20000905	
CL201	FBbt:20000906	
CL202	FBbt:20000907	
CL203	FBbt:20000908	
CL204	FBbt:20000909	
CL205	FBbt:20000910	
CL206	FBbt:20000911	
CL207	FBbt:20000912	
CL208	FBbt:20000913	
CL209	FBbt:20000914	
CL210	FBbt:20000915	
CL211	FBbt:20000916	
CL212	FBbt:20000917	
CL213	FBbt:20000918	
CL214	FBbt:20000919	
CL215	FBbt:20000920	
CL216	FBbt:20000921	
CL217	FBbt:20000922	
CL218	FBbt:20000923	
CL219	FBbt:20000924	
CL220	FBbt:20000925	
CL221	FBbt:20000926	
CL222	FBbt:20000927	
CL223	FBbt:20000928	
CL224	FBbt:20000929	
CL225	FBbt:20000930	
CL226	FBbt:20000931	
CL227	FBbt:20000932	
CL228	FBbt:20000933	
CL229	FBbt:20000934	
CL230	FBbt:20000935	
CL231	FBbt:20000936	
CL232	FBbt:20000937	
CL233	FBbt:20000938	
CL234	FBbt:20000939	
CL235	FBbt:20000940	
CL236	FBbt:20000941	
CL237	FBbt:20000942	
CL238	FBbt:20000943	
CL239	FBbt:20000944	
CL240	FBbt:20000945	
CL241	FBbt:20000946	
CL242	FBbt:20000947	
CL243	FBbt:20000948	
CL244	FBbt:20000949	
CL245	FBbt:20000950	
CL246	FBbt:20000951	
CL247	FBbt:20000952	
CL248	FBbt:20000953	
CL249	FBbt:20000954	
CL250	FBbt:20000955	
CL251	FBbt:20000956	
CL252	FBbt:20000957	
CL253	FBbt:20000958	
CL254	FBbt:20000959	
CL255	FBbt:20000960	
CL256	FBbt:20000961	
CL257	FBbt:20000962	
CL258	FBbt:20000963	
CL259	FBbt:20000964	
CL260	FBbt:20000965	
CL261	FBbt:20000966	
CL262	FBbt:20000967	
CL263	FBbt:20000968	
CL264	FBbt:20000969	
CL265	FBbt:20000970	
CL266	FBbt:20000971	
CL267	FBbt:20000972	
CL268	FBbt:20000973	
CL269	FBbt:20000974	
CL270	FBbt:20000975	
CL271	FBbt:20000976	
CL272	FBbt:20000977	
CL273	FBbt:20000978	
CL274	FBbt:20000979	
CL275	FBbt:20000980	
CL276	FBbt:20000981	
CL277	FBbt:20000982	
CL278	FBbt:20000983	
CL279	FBbt:20000984	
CL280	FBbt:20000985	
CL281	FBbt:20000986	
CL282	FBbt:20000987	
CL283	FBbt:20000988	
CL284	FBbt:20000989	
CL285	FBbt:20000990	
CL286	FBbt:20000991	
CL287	FBbt:20000992	
CL288	FBbt:20000993	
CL289	FBbt:20000994	
CL290	FBbt:20000995	
CL291	FBbt:20000996	
CL292	FBbt:20000997	
CL293	FBbt:20000998	
CL294	FBbt:20000999	
CL295	FBbt:20001000	
CL296	FBbt:20001001	
CL297	FBbt:20001002	
CL298	FBbt:20001003	
CL299	FBbt:20001004	
CL300	FBbt:20001005	
CL301	FBbt:20001006	
CL302	FBbt:20001007	
CL303	FBbt:20001008	
CL304	FBbt:20001009	
CL305	FBbt:20001010	
CL306	FBbt:20001011	
CL307	FBbt:20001012	
CL308	FBbt:20001013	
CL309	FBbt:20001014	
CL310	FBbt:20001015	
CL311	FBbt:20001016	
CL312	FBbt:20001017	
CL313	FBbt:20001018	
CL314	FBbt:20001019	
CL315	FBbt:20001020	
CL316	FBbt:20001021	
CL317	FBbt:20001022	
CL318	FBbt:20001023	
CL319	FBbt:20001024	
CL320	FBbt:20001025	
CL321	FBbt:20001026	
CL322	FBbt:20001027	
CL323	FBbt:20001028	
CL324	FBbt:20001029	
CL325	FBbt:20001030	
CL326	FBbt:20001031	
CL327	FBbt:20001032	
CL328	FBbt:20001033	
CL329	FBbt:20001034	
CL330	FBbt:20001035	
CL331	FBbt:20001036	
CL332	FBbt:20001037	
CL333	FBbt:20001038	
CL334	FBbt:20001039	
CL335	FBbt:20001040	
CL336	FBbt:20001041	
CL337	FBbt:20001042	
CL338	FBbt:20001043	
CL339	FBbt:20001044	
CL340	FBbt:20001045	
CL341	FBbt:20001046	
CL342	FBbt:20001047	
CL343	FBbt:20001048	
CL344	FBbt:20001049	
CL345	FBbt:20001050	
CL346	FBbt:20001051	
CL347	FBbt:20001052	
CL348	FBbt:20001053	
CL349	FBbt:20001054	
CL350	FBbt:20001055	
CL351	FBbt:20001056	
CL352	FBbt:20001057	
CL353	FBbt:20001058	
CL354	FBbt:20001059	
CL355	FBbt:20001060	
CL356	FBbt:20001061	
CL357	FBbt:20001062	
CL358	FBbt:20001063	
CL359	FBbt:20001064	
CL360	FBbt:20001065	
CL361	FBbt:20001066	
CL362	FBbt:20001067	
CL363	FBbt:20001068	
CL364	FBbt:20001069	
CRE001	FBbt:20001070	
CRE002	FBbt:20001071	
CRE003	FBbt:20001072	
CRE004	FBbt:20001073	
CRE005	FBbt:20001074	
CRE006	FBbt:20001075	
CRE007	FBbt:20001076	
CRE008	FBbt:20001077	
CRE009	FBbt:20001078	
CRE010	FBbt:20001079	
CRE011	FBbt:20001080	
CRE012	FBbt:20001081	
CRE013	FBbt:20001082	
CRE014	FBbt:20001083	
CRE015	FBbt:20001084	
CRE016	FBbt:20001085	
CRE017	FBbt:20001086	
CRE018	FBbt:20001087	
CRE019	FBbt:20001088	
CRE020	FBbt:20001089	
CRE021	FBbt:20001090	
CRE022	FBbt:20001091	
CRE023	FBbt:20001092	
CRE024	FBbt:20001093	
CRE025	FBbt:20001094	
CRE026	FBbt:20001095	
CRE027	FBbt:20001096	
CRE028	FBbt:20001097	
CRE029	FBbt:20001098	
CRE030	FBbt:20001099	
CRE031	FBbt:20001100	
CRE032	FBbt:20001101	
CRE033	FBbt:20001102	
CRE034	FBbt:20001103	
CRE035	FBbt:20001104	
CRE036	FBbt:20001105	
CRE037	FBbt:20001106	
CRE038	FBbt:20001107	
CRE039	FBbt:20001108	
CRE040	FBbt:20001109	
CRE041	FBbt:20001110	
CRE042	FBbt:20001111	
CRE043	FBbt:20001112	
CRE044	FBbt:20001113	
CRE045	FBbt:20001114	
CRE046	FBbt:20001115	
CRE047	FBbt:20001116	
CRE048	FBbt:20001117	
CRE049	FBbt:20001118	
CRE050	FBbt:20001119	
CRE051	FBbt:20001120	
CRE052	FBbt:20001121	
CRE053	FBbt:20001122	
CRE054	FBbt:20001123	
CRE055	FBbt:20001124	
CRE056	FBbt:20001125	
CRE057	FBbt:20001126	
CRE058	FBbt:20001127	
CRE059	FBbt:20001128	
CRE060	FBbt:20001129	
CRE061	FBbt:20001130	
CRE062	FBbt:20001131	
CRE063	FBbt:20001132	
CRE064	FBbt:20001133	
CRE065	FBbt:20001134	
CRE066	FBbt:20001135	
CRE067	FBbt:20001136	
CRE068	FBbt:20001137	
CRE069	FBbt:20001138	
CRE070	FBbt:20001139	
CRE071	FBbt:20001140	
CRE072	FBbt:20001141	
CRE073	FBbt:20001142	
CRE074	FBbt:20001143	
CRE075	FBbt:20001144	
CRE076	FBbt:20001145	
CRE077	FBbt:20001146	
CRE078	FBbt:20001147	
CRE079	FBbt:20001148	
CRE080	FBbt:20001149	
CRE081	FBbt:20001150	
CRE082	FBbt:20001151	
CRE083	FBbt:20001152	
CRE084	FBbt:20001153	
CRE085	FBbt:20001154	
CRE086	FBbt:20001155	
CRE087	FBbt:20001156	
CRE088	FBbt:20001157	
CRE089	FBbt:20001158	
CRE090	FBbt:20001159	
CRE091	FBbt:20001160	
CRE092	FBbt:20001161	
CRE093	FBbt:20001162	
CRE094	FBbt:20001163	
CRE095	FBbt:20001164	
CRE096	FBbt:20001165	
CRE097	FBbt:20001166	
CRE098	FBbt:20001167	
CRE099	FBbt:20001168	
CRE100	FBbt:20001169	
CRE101	FBbt:20001170	
CRE102	FBbt:20001171	
CRE103	FBbt:20001172	
CRE104	FBbt:20001173	
CRE105	FBbt:20001174	
CRE106	FBbt:20001175	
CRE107	FBbt:20001176	
CRE108	FBbt:20001177	
CSD	FBbt:00007405	FlyBase:FBrf0227179
CT1	FBbt:00048245	
DA1_lPN	FBbt:00067363	
DA1_vPN	FBbt:00067372	
DA2_lPN	FBbt:00110882	
DA3_adPN	FBbt:00100384	
DA4l_adPN	FBbt:00100367	
DA4m_adPN	FBbt:00047714	
DC1_adPN	FBbt:00067014	
DC2_adPN	FBbt:00067354	
DC3_adPN	FBbt:00040000	
DC4_adPN	FBbt:00111211	
DC4_vPN	FBbt:00049771	
DCH	FBbt:00048126	
DGI	FBbt:00047215	
DL1_adPN	FBbt:00067353	
DL2d_adPN	FBbt:00100389	
DL2d_vPN	FBbt:00049768	
DL2v_adPN	FBbt:00100388	
DL3_lPN	FBbt:00067364	
DL4_adPN	FBbt:00100382	
DL5_adPN	FBbt:00067028	
DM1_lPN	FBbt:00067369	
DM2_lPN	FBbt:00067368	
DM3_adPN	FBbt:00067017	
DM4_adPN	FBbt:00100381	
DM4_vPN	FBbt:00049767	
DM5_lPN	FBbt:00067367	
DM6_adPN	FBbt:00067360	
DN1a	FBbt:00007429	
DNa01	FBbt:00047572	FlyBase:FBrf0239335
DNa02	FBbt:00047573	FlyBase:FBrf0239335
DNa03	FBbt:00047574	FlyBase:FBrf0239335
DNa04	FBbt:00047575	FlyBase:FBrf0239335
DNa05	FBbt:00047576	FlyBase:FBrf0239335
DNa06	FBbt:00047577	FlyBase:FBrf0239335
DNa07	FBbt:00047578	FlyBase:FBrf0239335
DNa08	FBbt:00047579	FlyBase:FBrf0239335
DNa09	FBbt:00047580	FlyBase:FBrf0239335
DNa10	FBbt:00047581	FlyBase:FBrf0239335
DNb01	FBbt:00047582	FlyBase:FBrf0239335
DNb02	FBbt:00047583	FlyBase:FBrf0239335
DNb03	FBbt:00047584	FlyBase:FBrf0239335
DNb04	FBbt:00047585	FlyBase:FBrf0239335
DNb05	FBbt:00047586	FlyBase:FBrf0239335
DNb06	FBbt:00047587	FlyBase:FBrf0239335
DNc01	FBbt:00047588	FlyBase:FBrf0239335
DNc02	FBbt:00047589	FlyBase:FBrf0239335
DNd01	FBbt:00047590	FlyBase:FBrf0239335
DNd02	FBbt:00047591	FlyBase:FBrf0239335
DNd03	FBbt:00047592	FlyBase:FBrf0239335
DNg01	FBbt:00047593	FlyBase:FBrf0239335
DNg02	FBbt:00047594	FlyBase:FBrf0239335
DNg03	FBbt:00047595	FlyBase:FBrf0239335
DNg04	FBbt:00047596	FlyBase:FBrf0239335
DNg05	FBbt:00047597	FlyBase:FBrf0239335
DNg06	FBbt:00047598	FlyBase:FBrf0239335
DNg07	FBbt:00047599	FlyBase:FBrf0239335
DNg08	FBbt:00047600	FlyBase:FBrf0239335
DNg09	FBbt:00047601	FlyBase:FBrf0239335
DNg10	FBbt:00047602	FlyBase:FBrf0239335
DNg11	FBbt:00047603	FlyBase:FBrf0239335
DNg12	FBbt:00047604	FlyBase:FBrf0239335
DNg13	FBbt:00047605	FlyBase:FBrf0239335
DNg14	FBbt:00047606	FlyBase:FBrf0239335
DNg15	FBbt:00047607	FlyBase:FBrf0239335
DNg16	FBbt:00047608	FlyBase:FBrf0239335
DNg17	FBbt:00047609	FlyBase:FBrf0239335
DNg18	FBbt:00047610	FlyBase:FBrf0239335
DNg19	FBbt:00047611	FlyBase:FBrf0239335
DNg20	FBbt:00047612	FlyBase:FBrf0239335
DNg21	FBbt:00047613	FlyBase:FBrf0239335
DNg22	FBbt:00047614	FlyBase:FBrf0239335
DNg23	FBbt:00047615	FlyBase:FBrf0239335
DNg24	FBbt:00047616	FlyBase:FBrf0239335
DNg25	FBbt:00047617	FlyBase:FBrf0239335
DNg26	FBbt:00047618	FlyBase:FBrf0239335
DNg27	FBbt:00047619	FlyBase:FBrf0239335
DNg28	FBbt:00047620	FlyBase:FBrf0239335
DNg29	FBbt:00047621	FlyBase:FBrf0239335
DNg30	FBbt:00047622	FlyBase:FBrf0239335
DNg31	FBbt:00047623	FlyBase:FBrf0239335
DNg32	FBbt:00047624	FlyBase:FBrf0239335
DNg33	FBbt:00047625	FlyBase:FBrf0239335
DNg34	FBbt:00047626	FlyBase:FBrf0239335
DNg35	FBbt:00047627	FlyBase:FBrf0239335
DNg36	FBbt:00047628	FlyBase:FBrf0239335
DNg37	FBbt:00047629	FlyBase:FBrf0239335
DNg38	FBbt:00047630	FlyBase:FBrf0239335
DNg39	FBbt:00047631	FlyBase:FBrf0239335
DNg40	FBbt:00047632	FlyBase:FBrf0239335
DNg41	FBbt:00047633	FlyBase:FBrf0239335
DNp01	FBbt:00047634	FlyBase:FBrf0239335
DNp02	FBbt:00047635	FlyBase:FBrf0239335
DNp03	FBbt:00047636	FlyBase:FBrf0239335
DNp04	FBbt:00047637	FlyBase:FBrf0239335
DNp05	FBbt:00047638	FlyBase:FBrf0239335
DNp06	FBbt:00047639	FlyBase:FBrf0239335
DNp07	FBbt:00047640	FlyBase:FBrf0239335
DNp08	FBbt:00047641	FlyBase:FBrf0239335
DNp09	FBbt:00047642	FlyBase:FBrf0239335
DNp10	FBbt:00047643	FlyBase:FBrf0239335
DNp11	FBbt:00047644	FlyBase:FBrf0239335
DNp12	FBbt:00047645	FlyBase:FBrf0239335
DNp13	FBbt:00047646	FlyBase:FBrf0239335
DNp14	FBbt:00047647	FlyBase:FBrf0239335
DNp15	FBbt:00047648	FlyBase:FBrf0239335
DNp16	FBbt:00047649	FlyBase:FBrf0239335
DNp17	FBbt:00047650	FlyBase:FBrf0239335
DNp18	FBbt:00047651	FlyBase:FBrf0239335
DNp19	FBbt:00047652	FlyBase:FBrf0239335
DNp20	FBbt:00047653	FlyBase:FBrf0239335
DNp21	FBbt:00047654	FlyBase:FBrf0239335
DNp22	FBbt:00047655	FlyBase:FBrf0239335
DNp23	FBbt:00047656	FlyBase:FBrf0239335
DNp24	FBbt:00047657	FlyBase:FBrf0239335
DNp25	FBbt:00047658	FlyBase:FBrf0239335
DNp26	FBbt:00047659	FlyBase:FBrf0239335
DNp27	FBbt:00047660	FlyBase:FBrf0239335
DNp28	FBbt:00047661	FlyBase:FBrf0239335
DNp29	FBbt:00047662	FlyBase:FBrf0239335
DNp30	FBbt:00047663	FlyBase:FBrf0239335
DNp31	FBbt:00047664	FlyBase:FBrf0239335
DNp32	FBbt:00047665	FlyBase:FBrf0239335
DNp33	FBbt:00047666	FlyBase:FBrf0239335
DNp34	FBbt:00047667	FlyBase:FBrf0239335
DNp35	FBbt:00047668	FlyBase:FBrf0239335
DNp44	FBbt:00049697	
DNx01	FBbt:00047669	FlyBase:FBrf0239335
DP1l_adPN	FBbt:00007475	
DP1l_vPN	FBbt:00049769	
DP1m_adPN	FBbt:00067021	
DP1m_vPN	FBbt:00049773	
DPM	FBbt:00005780	
D_adPN	FBbt:00067355	
Delta7	FBbt:00111057	
EL	FBbt:00049180	FlyBase:FBrf0240744
EPG	FBbt:00047030	FlyBase:FBrf0240744
EPGt	FBbt:00111423	FlyBase:FBrf0240744
ER1	FBbt:00003650	
ER2	FBbt:00003651	
ER3a	FBbt:00047039	
ER3d	FBbt:00047037	
ER3m	FBbt:00047038	
ER3p	FBbt:00047040	
ER3w	FBbt:00047041	
ER4d	FBbt:00007538	
ER4m	FBbt:00007537	
ER5	FBbt:00047042	
ER6	FBbt:00047043	
ExR1	FBbt:00003655	
ExR2	FBbt:00110327	
ExR3	FBbt:00047035	
ExR4	FBbt:00047036	
GLNO	FBbt:00049135	FlyBase:FBrf0246888
H1	FBbt:00047991	
HBeyelet	FBbt:00005740	
HRN_VP1d	FBbt:00047226	FlyBase:FBrf0246456
HRN_VP1l	FBbt:00111336	FlyBase:FBrf0246456
HRN_VP4	FBbt:00047225	
HRN_VP5	FBbt:00047222	
HSE	FBbt:00003919	
HSN	FBbt:00003918	
HSS	FBbt:00003920	
IB001	FBbt:20001178	
IB002	FBbt:20001179	
IB003	FBbt:20001180	
IB004	FBbt:20001181	
IB005	FBbt:20001182	
IB006	FBbt:20001183	
IB007	FBbt:20001184	
IB008	FBbt:20001185	
IB009	FBbt:20001186	
IB010	FBbt:20001187	
IB011	FBbt:20001188	
IB012	FBbt:20001189	
IB013	FBbt:20001190	
IB014	FBbt:20001191	
IB015	FBbt:20001192	
IB016	FBbt:20001193	
IB017	FBbt:20001194	
IB018	FBbt:20001195	
IB019	FBbt:20001196	
IB020	FBbt:20001197	
IB021	FBbt:20001198	
IB022	FBbt:20001199	
IB023	FBbt:20001200	
IB024	FBbt:20001201	
IB025	FBbt:20001202	
IB026	FBbt:20001203	
IB027	FBbt:20001204	
IB028	FBbt:20001205	
IB029	FBbt:20001206	
IB030	FBbt:20001207	
IB031	FBbt:20001208	
IB032	FBbt:20001209	
IB033	FBbt:20001210	
IB034	FBbt:20001211	
IB035	FBbt:20001212	
IB036	FBbt:20001213	
IB037	FBbt:20001214	
IB038	FBbt:20001215	
IB039	FBbt:20001216	
IB040	FBbt:20001217	
IB041	FBbt:20001218	
IB042	FBbt:20001219	
IB043	FBbt:20001220	
IB044	FBbt:20001221	
IB045	FBbt:20001222	
IB046	FBbt:20001223	
IB047	FBbt:20001224	
IB048	FBbt:20001225	
IB049	FBbt:20001226	
IB050	FBbt:20001227	
IB051	FBbt:20001228	
IB052	FBbt:20001229	
IB053	FBbt:20001230	
IB054	FBbt:20001231	
IB055	FBbt:20001232	
IB056	FBbt:20001233	
IB057	FBbt:20001234	
IB058	FBbt:20001235	
IB059	FBbt:20001236	
IB060	FBbt:20001237	
IB061	FBbt:20001238	
IB062	FBbt:20001239	
IB063	FBbt:20001240	
IB064	FBbt:20001241	
IB065	FBbt:20001242	
IB066	FBbt:20001243	
IB067	FBbt:20001244	
IB068	FBbt:20001245	
IB069	FBbt:20001246	
IB070	FBbt:20001247	
IB071	FBbt:20001248	
IB072	FBbt:20001249	
IB073	FBbt:20001250	
IB074	FBbt:20001251	
IB075	FBbt:20001252	
IB076	FBbt:20001253	
IB077	FBbt:20001254	
IB078	FBbt:20001255	
IB079	FBbt:20001256	
IB080	FBbt:20001257	
IB081	FBbt:20001258	
IB082	FBbt:20001259	
IB083	FBbt:20001260	
IB084	FBbt:20001261	
IB085	FBbt:20001262	
IB086	FBbt:20001263	
IB087	FBbt:20001264	
IB088	FBbt:20001265	
IB089	FBbt:20001266	
IB090	FBbt:20001267	
IB091	FBbt:20001268	
IB092	FBbt:20001269	
IB093	FBbt:20001270	
IB094	FBbt:20001271	
IB095	FBbt:20001272	
IB096	FBbt:20001273	
IB097	FBbt:20001274	
IB098	FBbt:20001275	
IB099	FBbt:20001276	
IB100	FBbt:20001277	
IB101	FBbt:20001278	
IB102	FBbt:20001279	
IB103	FBbt:20001280	
IB104	FBbt:20001281	
IB105	FBbt:20001282	
IB106	FBbt:20001283	
IB107	FBbt:20001284	
IB108	FBbt:20001285	
IB109	FBbt:20001286	
IB110	FBbt:20001287	
IB111	FBbt:20001288	
IB112	FBbt:20001289	
IB113	FBbt:20001290	
IB114	FBbt:20001291	
IB115	FBbt:20001292	
IB116	FBbt:20001293	
IB117	FBbt:20001294	
IB118	FBbt:20001295	
IB119	FBbt:20001296	
IbSpsP	FBbt:00111383	FlyBase:FBrf0240744
KCa'b'-ap1	FBbt:00049836	
KCa'b'-ap2	FBbt:00049837	
KCa'b'-m	FBbt:00100253	
KCab-c	FBbt:00110929	
KCab-p	FBbt:00110931	
KCab-s	FBbt:00110930	
KCg-d	FBbt:00110932	
KCg-m	FBbt:00111061	
KCg-s1	FBbt:00049787	
KCg-s2	FBbt:00049788	
KCg-s3	FBbt:00049831	
KCg-s4	FBbt:00049832	
KCg-t	FBbt:00049833	
LAL001	FBbt:20001297	
LAL002	FBbt:20001298	
LAL003	FBbt:20001299	
LAL004	FBbt:20001300	
LAL005	FBbt:20001301	
LAL006	FBbt:20001302	
LAL007	FBbt:20001303	
LAL008	FBbt:20001304	
LAL009	FBbt:20001305	
LAL010	FBbt:20001306	
LAL011	FBbt:20001307	
LAL012	FBbt:20001308	
LAL013	FBbt:20001309	
LAL014	FBbt:20001310	
LAL015	FBbt:20001311	
LAL016	FBbt:20001312	
LAL017	FBbt:20001313	
LAL018	FBbt:20001314	
LAL019	FBbt:20001315	
LAL020	FBbt:20001316	
LAL021	FBbt:20001317	
LAL022	FBbt:20001318	
LAL023	FBbt:20001319	
LAL024	FBbt:20001320	
LAL025	FBbt:20001321	
LAL026	FBbt:20001322	
LAL027	FBbt:20001323	
LAL028	FBbt:20001324	
LAL029	FBbt:20001325	
LAL030	FBbt:20001326	
LAL031	FBbt:20001327	
LAL032	FBbt:20001328	
LAL033	FBbt:20001329	
LAL034	FBbt:20001330	
LAL035	FBbt:20001331	
LAL036	FBbt:20001332	
LAL037	FBbt:20001333	
LAL038	FBbt:20001334	
LAL039	FBbt:20001335	
LAL040	FBbt:20001336	
LAL041	FBbt:20001337	
LAL042	FBbt:20001338	
LAL043	FBbt:20001339	
LAL044	FBbt:20001340	
LAL045	FBbt:20001341	
LAL046	FBbt:20001342	
LAL047	FBbt:20001343	
LAL048	FBbt:20001344	
LAL049	FBbt:20001345	
LAL050	FBbt:20001346	
LAL051	FBbt:20001347	
LAL052	FBbt:20001348	
LAL053	FBbt:20001349	
LAL054	FBbt:20001350	
LAL055	FBbt:20001351	
LAL056	FBbt:20001352	
LAL057	FBbt:20001353	
LAL058	FBbt:20001354	
LAL059	FBbt:20001355	
LAL060	FBbt:20001356	
LAL061	FBbt:20001357	
LAL062	FBbt:20001358	
LAL063	FBbt:20001359	
LAL064	FBbt:20001360	
LAL065	FBbt:20001361	
LAL066	FBbt:20001362	
LAL067	FBbt:20001363	
LAL068	FBbt:20001364	
LAL069	FBbt:20001365	
LAL070	FBbt:20001366	
LAL071	FBbt:20001367	
LAL072	FBbt:20001368	
LAL073	FBbt:20001369	
LAL074	FBbt:20001370	
LAL075	FBbt:20001371	
LAL076	FBbt:20001372	
LAL077	FBbt:20001373	
LAL078	FBbt:20001374	
LAL079	FBbt:20001375	
LAL080	FBbt:20001376	
LAL081	FBbt:20001377	
LAL082	FBbt:20001378	
LAL083	FBbt:20001379	
LAL084	FBbt:20001380	
LAL085	FBbt:20001381	
LAL086	FBbt:20001382	
LAL087	FBbt:20001383	
LAL088	FBbt:20001384	
LAL089	FBbt:20001385	
LAL090	FBbt:20001386	
LAL091	FBbt:20001387	
LAL092	FBbt:20001388	
LAL093	FBbt:20001389	
LAL094	FBbt:20001390	
LAL095	FBbt:20001391	
LAL096	FBbt:20001392	
LAL097	FBbt:20001393	
LAL098	FBbt:20001394	
LAL099	FBbt:20001395	
LAL100	FBbt:20001396	
LAL101	FBbt:20001397	
LAL102	FBbt:20001398	
LAL103	FBbt:20001399	
LAL104	FBbt:20001400	
LAL105	FBbt:20001401	
LAL106	FBbt:20001402	
LAL107	FBbt:20001403	
LAL108	FBbt:20001404	
LAL109	FBbt:20001405	
LAL110	FBbt:20001406	
LAL111	FBbt:20001407	
LAL112	FBbt:20001408	
LAL113	FBbt:20001409	
LAL114	FBbt:20001410	
LAL115	FBbt:20001411	
LAL116	FBbt:20001412	
LAL117	FBbt:20001413	
LAL118	FBbt:20001414	
LAL119	FBbt:20001415	
LAL120	FBbt:20001416	
LAL121	FBbt:20001417	
LAL122	FBbt:20001418	
LAL123	FBbt:20001419	
LAL124	FBbt:20001420	
LAL125	FBbt:20001421	
LAL126	FBbt:20001422	
LAL127	FBbt:20001423	
LAL128	FBbt:20001424	
LAL129	FBbt:20001425	
LAL130	FBbt:20001426	
LAL131	FBbt:20001427	
LAL132	FBbt:20001428	
LAL133	FBbt:20001429	
LAL134	FBbt:20001430	
LAL135	FBbt:20001431	
LAL136	FBbt:20001432	
LAL137	FBbt:20001433	
LAL138	FBbt:20001434	
LAL139	FBbt:20001435	
LAL140	FBbt:20001436	
LAL141	FBbt:20001437	
LAL142	FBbt:20001438	
LAL143	FBbt:20001439	
LAL144	FBbt:20001440	
LAL145	FBbt:20001441	
LAL146	FBbt:20001442	
LAL147	FBbt:20001443	
LAL148	FBbt:20001444	
LAL149	FBbt:20001445	
LAL150	FBbt:20001446	
LAL151	FBbt:20001447	
LAL152	FBbt:20001448	
LAL153	FBbt:20001449	
LAL154	FBbt:20001450	
LAL155	FBbt:20001451	
LAL156	FBbt:20001452	
LAL157	FBbt:20001453	
LAL158	FBbt:20001454	
LAL159	FBbt:20001455	
LAL160	FBbt:20001456	
LAL161	FBbt:20001457	
LAL162	FBbt:20001458	
LAL163	FBbt:20001459	
LAL164	FBbt:20001460	
LAL165	FBbt:20001461	
LAL166	FBbt:20001462	
LAL167	FBbt:20001463	
LAL168	FBbt:20001464	
LAL169	FBbt:20001465	
LAL170	FBbt:20001466	
LAL171	FBbt:20001467	
LAL172	FBbt:20001468	
LAL173	FBbt:20001469	
LAL174	FBbt:20001470	
LAL175	FBbt:20001471	
LAL176	FBbt:20001472	
LAL177	FBbt:20001473	
LAL178	FBbt:20001474	
LAL179	FBbt:20001475	
LAL180	FBbt:20001476	
LAL181	FBbt:20001477	
LAL182	FBbt:20001478	
LAL183	FBbt:20001479	
LAL184	FBbt:20001480	
LAL185	FBbt:20001481	
LAL186	FBbt:20001482	
LAL187	FBbt:20001483	
LAL188	FBbt:20001484	
LAL189	FBbt:20001485	
LAL190	FBbt:20001486	
LAL191	FBbt:20001487	
LAL192	FBbt:20001488	
LAL193	FBbt:20001489	
LAL194	FBbt:20001490	
LAL195	FBbt:20001491	
LAL196	FBbt:20001492	
LAL197	FBbt:20001493	
LAL198	FBbt:20001494	
LAL199	FBbt:20001495	
LAL200	FBbt:20001496	
LAL201	FBbt:20001497	
LAL202	FBbt:20001498	
LAL203	FBbt:20001499	
LAL204	FBbt:20001500	
LC10	FBbt:00100482	
LC10a	FBbt:00111747	
LC10b	FBbt:00111745	
LC10c	FBbt:00111746	
LC10d	FBbt:00111748	
LC11	FBbt:00100483	
LC12	FBbt:00100484	
LC13	FBbt:00100485	
LC14	FBbt:00100486	
LC15	FBbt:00111750	
LC16	FBbt:00111751	
LC17	FBbt:00111752	
LC18	FBbt:00111753	
LC20	FBbt:00111755	
LC21	FBbt:00111756	
LC22	FBbt:00111757	
LC24	FBbt:00111759	
LC25	FBbt:00111760	
LC26	FBbt:00111761	
LC4	FBbt:00003874	
LC6	FBbt:00003876	
LC9	FBbt:00100480	
LCNOp	FBbt:00049139	FlyBase:FBrf0240744
LCNOpm	FBbt:00049138	FlyBase:FBrf0240744
LHAD1a1	FBbt:00049318	
LHAD1a2	FBbt:00049319	
LHAD1a3	FBbt:00049320	
LHAD1a4	FBbt:00049321	
LHAD1b1	FBbt:00049322	
LHAD1b2	FBbt:00049323	
LHAD1c1	FBbt:00049324	
LHAD1d1	FBbt:00049325	
LHAD1f1	FBbt:00049326	
LHAD1f4	FBbt:00049665	
LHAD2b1	FBbt:00049328	
LHAD2e1	FBbt:00049666	
LHAD3a1	FBbt:00049667	
LHAD3a10	FBbt:00049668	
LHAD3a8	FBbt:00049669	
LHAD3b1	FBbt:00049329	
LHAV1a1	FBbt:00049331	
LHAV1a2	FBbt:00049332	
LHAV1a3	FBbt:00049333	
LHAV1a4	FBbt:00049334	
LHAV1a5	FBbt:00049335	
LHAV1b1	FBbt:00049336	
LHAV2a1	FBbt:00049337	
LHAV2a2	FBbt:00049338	
LHAV2a3	FBbt:00049339	
LHAV2a4	FBbt:00049340	
LHAV2b1	FBbt:00049341	
LHAV2b2	FBbt:00049342	
LHAV2c1	FBbt:00049343	
LHAV2d1	FBbt:00049670	
LHAV3a1	FBbt:00049344	
LHAV3a2	FBbt:00049671	
LHAV3c1	FBbt:00049672	
LHAV3d1	FBbt:00049673	
LHAV3e3	FBbt:00049674	
LHAV3f1	FBbt:00049675	
LHAV3g1	FBbt:00049676	
LHAV3o1	FBbt:00049677	
LHAV3q1	FBbt:00049678	
LHAV4a1	FBbt:00049345	
LHAV4a2	FBbt:00049346	
LHAV4a3	FBbt:00049347	
LHAV4a4	FBbt:00049348	
LHAV4a5	FBbt:00049349	
LHAV4b1	FBbt:00049350	
LHAV4b2	FBbt:00049351	
LHAV4b3	FBbt:00049352	
LHAV4b4	FBbt:00049353	
LHAV4b5	FBbt:00049354	
LHAV4c1	FBbt:00049356	
LHAV4c2	FBbt:00049357	
LHAV4d1	FBbt:00049359	
LHAV4d3	FBbt:00049679	
LHAV4e4	FBbt:00049938	
LHAV4e7	FBbt:00049680	
LHAV4g1	FBbt:00049681	
LHAV4i1	FBbt:00049682	
LHAV5a1	FBbt:00049360	
LHAV5a8	FBbt:00049698	FlyBase:FBrf0246460
LHAV5a9	FBbt:00049699	
LHAV5b1	FBbt:00049361	
LHAV5e1	FBbt:00049700	
LHAV6a1	FBbt:00049362	
LHAV6a10	FBbt:00049701	
LHAV6a2	FBbt:00049363	
LHAV6a3	FBbt:00049702	
LHAV6b1	FBbt:00049364	
LHAV6b3	FBbt:00049365	
LHAV6c1	FBbt:00049366	
LHAV6f2	FBbt:00049703	
LHAV7a1	FBbt:00049367	
LHAV8a1	FBbt:00049683	
LHCENT1	FBbt:00049794	
LHCENT2	FBbt:00049795	
LHCENT3	FBbt:00049796	
LHCENT4	FBbt:00049797	
LHCENT5	FBbt:00049798	
LHCENT6	FBbt:00049799	
LHCENT8	FBbt:00049801	
LHCENT9	FBbt:00049802	
LHMB1	FBbt:00049662	
LHPD2a1	FBbt:00049368	
LHPD2a2	FBbt:00049369	
LHPD2a3	FBbt:00049370	
LHPD2b1	FBbt:00049371	
LHPD2c1	FBbt:00049372	
LHPD2d1	FBbt:00049373	
LHPD3a1	FBbt:00049375	
LHPD3a2	FBbt:00049376	
LHPD3a4	FBbt:00049937	
LHPD3a5	FBbt:00049685	
LHPD3b1	FBbt:00049686	
LHPD4d1	FBbt:00049377	
LHPD4e1	FBbt:00049378	
LHPD5a1	FBbt:00049704	
LHPV10c1	FBbt:00049424	
LHPV12a1	FBbt:00049428	
LHPV1c1	FBbt:00049691	
LHPV2a1	FBbt:00049379	
LHPV2a2	FBbt:00049689	
LHPV2a3	FBbt:00049690	
LHPV2b1	FBbt:00049380	
LHPV2b5	FBbt:00049687	
LHPV2c1	FBbt:00049381	
LHPV2d1	FBbt:00049382	
LHPV2f2	FBbt:00049688	
LHPV3b1	FBbt:00049705	
LHPV4a1	FBbt:00049384	
LHPV4a10	FBbt:00049393	
LHPV4a11	FBbt:00049394	
LHPV4a12	FBbt:00049395	
LHPV4a2	FBbt:00049385	
LHPV4a3	FBbt:00049386	
LHPV4a4	FBbt:00049387	
LHPV4a5	FBbt:00049388	
LHPV4a6	FBbt:00049389	
LHPV4a7	FBbt:00049390	
LHPV4a8	FBbt:00049391	
LHPV4a9	FBbt:00049392	
LHPV4b1	FBbt:00049396	
LHPV4b2	FBbt:00049397	
LHPV4b3	FBbt:00049398	
LHPV4b4	FBbt:00049692	
LHPV4b9	FBbt:00049706	
LHPV4c1	FBbt:00049399	
LHPV4c2	FBbt:00049400	
LHPV4c3	FBbt:00049401	
LHPV4c4	FBbt:00049693	
LHPV4d1	FBbt:00049402	
LHPV4d2	FBbt:00049403	
LHPV4d3	FBbt:00049404	
LHPV4d4	FBbt:00049405	
LHPV4e1	FBbt:00049425	
LHPV4f1	FBbt:00049406	
LHPV4g1	FBbt:00049694	
LHPV4h1	FBbt:00049707	
LHPV4h3	FBbt:00049708	
LHPV4k1	FBbt:00049918	
LHPV4m1	FBbt:00049860	doi:10.1101/2020.08.29.273276
LHPV5a1	FBbt:00049407	
LHPV5a2	FBbt:00049408	
LHPV5a3	FBbt:00049409	
LHPV5a5	FBbt:00049695	
LHPV5b1	FBbt:00049410	
LHPV5b2	FBbt:00049411	
LHPV5b3	FBbt:00049412	
LHPV5c1	FBbt:00049413	
LHPV5c2	FBbt:00049414	
LHPV5c3	FBbt:00049415	
LHPV5d1	FBbt:00049416	
LHPV5d3	FBbt:00049696	
LHPV5g1	FBbt:00049417	
LHPV5g2	FBbt:00049418	
LHPV6a1	FBbt:00049420	
LHPV6a3	FBbt:00049421	
LHPV6c1	FBbt:00049422	
LHPV6f1	FBbt:00049709	
LHPV6g1	FBbt:00049711	
LHPV6h1	FBbt:00049710	
LHPV6k2	FBbt:00049712	
LHPV6o1	FBbt:00049713	
LHPV7a2	FBbt:00049714	
LHPV7c1	FBbt:00049793	
LNOa	FBbt:00049137	FlyBase:FBrf0240744
LNd	FBbt:00004045	
LPC1	FBbt:00111767	
LPLC1	FBbt:00111762	
LPLC2	FBbt:00111763	
LPLC4	FBbt:00111765	
LPN	FBbt:00007432	
LPi4-3	FBbt:00111288	
LPsP	FBbt:00111382	FlyBase:FBrf0240744
LT1	FBbt:00003860	
LT11	FBbt:00100487	
LT33	FBbt:00049516	
MB-C1	FBbt:00100226	FlyBase:FBrf0227179
MBON01	FBbt:00100234	
MBON02	FBbt:00111012	
MBON03	FBbt:00100232	
MBON04	FBbt:00111014	
MBON05	FBbt:00111004	
MBON06	FBbt:00100242	
MBON07	FBbt:00111005	
MBON09	FBbt:00111007	
MBON10	FBbt:00111008	
MBON11	FBbt:00100246	
MBON12	FBbt:00111009	
MBON13	FBbt:00100239	
MBON14	FBbt:00100238	
MBON16	FBbt:00111063	
MBON18	FBbt:00110101	
MBON19	FBbt:00111011	
MBON20	FBbt:00111013	
MBON21	FBbt:00111046	
MBON22	FBbt:00100240	
MBON23	FBbt:00049113	
MBON24	FBbt:00049844	
MBON25	FBbt:00049845	
MBON26	FBbt:00049846	
MBON27	FBbt:00049847	
MBON28	FBbt:00049848	
MBON29	FBbt:00049849	
MBON30	FBbt:00049850	
MBON31	FBbt:00049851	
MBON32	FBbt:00049852	
MBON33	FBbt:00049853	
MBON34	FBbt:00049854	
MBON35	FBbt:00049855	
MC61	FBbt:00111641	
MC62	FBbt:00111768	
MDN	FBbt:00111308	
M_imPNl92	FBbt:00047723	FlyBase:FBrf0246460
M_lv2PN9t49	FBbt:00049746	FlyBase:FBrf0246456
M_smPN6t2	FBbt:00049757	FlyBase:FBrf0246456
M_smPNm1	FBbt:00049747	FlyBase:FBrf0246456
NPFL1-I	FBbt:00048114	
NPFP1	FBbt:00048120	
OA-ASM1	FBbt:00110168	
OA-ASM2	FBbt:00110169	
OA-ASM3	FBbt:00110170	
OA-VPM3	FBbt:00110151	FlyBase:FBrf0227179
OA-VPM4	FBbt:00110152	FlyBase:FBrf0227179
OA-VUMa1	FBbt:00110156	
OA-VUMa2	FBbt:00110157	
OA-VUMa5	FBbt:00047934	
OA-VUMa6	FBbt:00047935	
OA-VUMa7	FBbt:00047936	
ORN_D	FBbt:00067034	
ORN_DA1	FBbt:00067031	
ORN_DA2	FBbt:00067063	
ORN_DA3	FBbt:00067033	
ORN_DA4l	FBbt:00067048	
ORN_DA4m	FBbt:00067001	
ORN_DC1	FBbt:00067018	
ORN_DC2	FBbt:00067016	
ORN_DC3	FBbt:00067047	
ORN_DC4	FBbt:00111210	
ORN_DL1	FBbt:00067013	
ORN_DL3	FBbt:00067011	
ORN_DL4	FBbt:00067055	
ORN_DL5	FBbt:00067005	
ORN_DM1	FBbt:00067046	
ORN_DM2	FBbt:00067025	
ORN_DM3	FBbt:00067054	
ORN_DM4	FBbt:00067003	
ORN_DM5	FBbt:00067049	
ORN_DM6	FBbt:00067020	
ORN_DP1l	FBbt:00110013	
ORN_DP1m	FBbt:00111212	
ORN_V	FBbt:00067064	
ORN_VA1d	FBbt:00067057	
ORN_VA1v	FBbt:00067056	
ORN_VA2	FBbt:00067059	
ORN_VA3	FBbt:00067023	
ORN_VA4	FBbt:00067051	
ORN_VA5	FBbt:00067061	
ORN_VA6	FBbt:00067044	
ORN_VA7l	FBbt:00067052	
ORN_VA7m	FBbt:00048139	
ORN_VC1	FBbt:00067036	
ORN_VC2	FBbt:00067041	
ORN_VC4	FBbt:00067027	
ORN_VC5	FBbt:00110015	
ORN_VL1	FBbt:00047054	
ORN_VL2a	FBbt:00110007	
ORN_VL2p	FBbt:00110010	
ORN_VM1	FBbt:00110012	
ORN_VM2	FBbt:00067050	
ORN_VM3	FBbt:00067009	
ORN_VM4	FBbt:00110018	
ORN_VM5d	FBbt:00007389	
ORN_VM5v	FBbt:00067062	
ORN_VM7d	FBbt:00067042	
ORN_VM7v	FBbt:00067007	
P6-8P9	FBbt:00111056	
PAM01	FBbt:00111015	
PAM02	FBbt:00111016	
PAM03	FBbt:00100231	
PAM04	FBbt:00110993	
PAM05	FBbt:00111017	
PAM06	FBbt:00111018	
PAM07	FBbt:00111019	
PAM08	FBbt:00111020	
PAM09	FBbt:00111021	
PAM10	FBbt:00110994	
PAM11	FBbt:00111022	
PAM12	FBbt:00100230	
PAM13	FBbt:00111023	
PAM14	FBbt:00111024	
PAM15	FBbt:00049841	
PEG	FBbt:00047031	FlyBase:FBrf0240744
PEN_a(PEN1)	FBbt:00049803	doi:10.1016/j.neuron.2020.08.006
PEN_b(PEN2)	FBbt:00049804	doi:10.1016/j.neuron.2020.08.006
PFGs	FBbt:00111457	FlyBase:FBrf0240744
PFL1	FBbt:00111433	FlyBase:FBrf0246888
PFNa	FBbt:00111396	FlyBase:FBrf0240744
PFNd	FBbt:00111390	FlyBase:FBrf0240744
PFNm	FBbt:00111513	FlyBase:FBrf0240744
PFNp	FBbt:00111404	FlyBase:FBrf0240744
PFNv	FBbt:00111512	FlyBase:FBrf0240744
PFR	FBbt:00111424	FlyBase:FBrf0240744
PLP001	FBbt:20001501	
PLP002	FBbt:20001502	
PLP003	FBbt:20001503	
PLP004	FBbt:20001504	
PLP005	FBbt:20001505	
PLP006	FBbt:20001506	
PLP007	FBbt:20001507	
PLP008	FBbt:20001508	
PLP009	FBbt:20001509	
PLP010	FBbt:20001510	
PLP011	FBbt:20001511	
PLP012	FBbt:20001512	
PLP013	FBbt:20001513	
PLP014	FBbt:20001514	
PLP015	FBbt:20001515	
PLP016	FBbt:20001516	
PLP017	FBbt:20001517	
PLP018	FBbt:20001518	
PLP019	FBbt:20001519	
PLP020	FBbt:20001520	
PLP021	FBbt:20001521	
PLP022	FBbt:20001522	
PLP023	FBbt:20001523	
PLP024	FBbt:20001524	
PLP025	FBbt:20001525	
PLP026	FBbt:20001526	
PLP027	FBbt:20001527	
PLP028	FBbt:20001528	
PLP029	FBbt:20001529	
PLP030	FBbt:20001530	
PLP031	FBbt:20001531	
PLP032	FBbt:20001532	
PLP033	FBbt:20001533	
PLP034	FBbt:20001534	
PLP035	FBbt:20001535	
PLP036	FBbt:20001536	
PLP037	FBbt:20001537	
PLP038	FBbt:20001538	
PLP039	FBbt:20001539	
PLP040	FBbt:20001540	
PLP041	FBbt:20001541	
PLP042	FBbt:20001542	
PLP043	FBbt:20001543	
PLP044	FBbt:20001544	
PLP045	FBbt:20001545	
PLP046	FBbt:20001546	
PLP047	FBbt:20001547	
PLP048	FBbt:20001548	
PLP049	FBbt:20001549	
PLP050	FBbt:20001550	
PLP051	FBbt:20001551	
PLP052	FBbt:20001552	
PLP053	FBbt:20001553	
PLP054	FBbt:20001554	
PLP055	FBbt:20001555	
PLP056	FBbt:20001556	
PLP057	FBbt:20001557	
PLP058	FBbt:20001558	
PLP059	FBbt:20001559	
PLP060	FBbt:20001560	
PLP061	FBbt:20001561	
PLP062	FBbt:20001562	
PLP063	FBbt:20001563	
PLP064	FBbt:20001564	
PLP065	FBbt:20001565	
PLP066	FBbt:20001566	
PLP067	FBbt:20001567	
PLP068	FBbt:20001568	
PLP069	FBbt:20001569	
PLP070	FBbt:20001570	
PLP071	FBbt:20001571	
PLP072	FBbt:20001572	
PLP073	FBbt:20001573	
PLP074	FBbt:20001574	
PLP075	FBbt:20001575	
PLP076	FBbt:20001576	
PLP077	FBbt:20001577	
PLP078	FBbt:20001578	
PLP079	FBbt:20001579	
PLP080	FBbt:20001580	
PLP081	FBbt:20001581	
PLP082	FBbt:20001582	
PLP083	FBbt:20001583	
PLP084	FBbt:20001584	
PLP085	FBbt:20001585	
PLP086	FBbt:20001586	
PLP087	FBbt:20001587	
PLP088	FBbt:20001588	
PLP089	FBbt:20001589	
PLP090	FBbt:20001590	
PLP091	FBbt:20001591	
PLP092	FBbt:20001592	
PLP093	FBbt:20001593	
PLP094	FBbt:20001594	
PLP095	FBbt:20001595	
PLP096	FBbt:20001596	
PLP097	FBbt:20001597	
PLP098	FBbt:20001598	
PLP099	FBbt:20001599	
PLP100	FBbt:20001600	
PLP101	FBbt:20001601	
PLP102	FBbt:20001602	
PLP103	FBbt:20001603	
PLP104	FBbt:20001604	
PLP105	FBbt:20001605	
PLP106	FBbt:20001606	
PLP107	FBbt:20001607	
PLP108	FBbt:20001608	
PLP109	FBbt:20001609	
PLP110	FBbt:20001610	
PLP111	FBbt:20001611	
PLP112	FBbt:20001612	
PLP113	FBbt:20001613	
PLP114	FBbt:20001614	
PLP115	FBbt:20001615	
PLP116	FBbt:20001616	
PLP117	FBbt:20001617	
PLP118	FBbt:20001618	
PLP119	FBbt:20001619	
PLP120	FBbt:20001620	
PLP121	FBbt:20001621	
PLP122	FBbt:20001622	
PLP123	FBbt:20001623	
PLP124	FBbt:20001624	
PLP125	FBbt:20001625	
PLP126	FBbt:20001626	
PLP127	FBbt:20001627	
PLP128	FBbt:20001628	
PLP129	FBbt:20001629	
PLP130	FBbt:20001630	
PLP131	FBbt:20001631	
PLP132	FBbt:20001632	
PLP133	FBbt:20001633	
PLP134	FBbt:20001634	
PLP135	FBbt:20001635	
PLP136	FBbt:20001636	
PLP137	FBbt:20001637	
PLP138	FBbt:20001638	
PLP139	FBbt:20001639	
PLP140	FBbt:20001640	
PLP141	FBbt:20001641	
PLP142	FBbt:20001642	
PLP143	FBbt:20001643	
PLP144	FBbt:20001644	
PLP145	FBbt:20001645	
PLP146	FBbt:20001646	
PLP147	FBbt:20001647	
PLP148	FBbt:20001648	
PLP149	FBbt:20001649	
PLP150	FBbt:20001650	
PLP151	FBbt:20001651	
PLP152	FBbt:20001652	
PLP153	FBbt:20001653	
PLP154	FBbt:20001654	
PLP155	FBbt:20001655	
PLP156	FBbt:20001656	
PLP157	FBbt:20001657	
PLP158	FBbt:20001658	
PLP159	FBbt:20001659	
PLP160	FBbt:20001660	
PLP161	FBbt:20001661	
PLP162	FBbt:20001662	
PLP163	FBbt:20001663	
PLP164	FBbt:20001664	
PLP165	FBbt:20001665	
PLP166	FBbt:20001666	
PLP167	FBbt:20001667	
PLP168	FBbt:20001668	
PLP169	FBbt:20001669	
PLP170	FBbt:20001670	
PLP171	FBbt:20001671	
PLP172	FBbt:20001672	
PLP173	FBbt:20001673	
PLP174	FBbt:20001674	
PLP175	FBbt:20001675	
PLP176	FBbt:20001676	
PLP177	FBbt:20001677	
PLP178	FBbt:20001678	
PLP179	FBbt:20001679	
PLP180	FBbt:20001680	
PLP181	FBbt:20001681	
PLP182	FBbt:20001682	
PLP183	FBbt:20001683	
PLP184	FBbt:20001684	
PLP185	FBbt:20001685	
PLP186	FBbt:20001686	
PLP187	FBbt:20001687	
PLP188	FBbt:20001688	
PLP189	FBbt:20001689	
PLP190	FBbt:20001690	
PLP191	FBbt:20001691	
PLP192	FBbt:20001692	
PLP193	FBbt:20001693	
PLP194	FBbt:20001694	
PLP195	FBbt:20001695	
PLP196	FBbt:20001696	
PLP197	FBbt:20001697	
PLP198	FBbt:20001698	
PLP199	FBbt:20001699	
PLP200	FBbt:20001700	
PLP201	FBbt:20001701	
PLP202	FBbt:20001702	
PLP203	FBbt:20001703	
PLP204	FBbt:20001704	
PLP205	FBbt:20001705	
PLP206	FBbt:20001706	
PLP207	FBbt:20001707	
PLP208	FBbt:20001708	
PLP209	FBbt:20001709	
PLP210	FBbt:20001710	
PLP211	FBbt:20001711	
PLP212	FBbt:20001712	
PLP213	FBbt:20001713	
PLP214	FBbt:20001714	
PLP215	FBbt:20001715	
PLP216	FBbt:20001716	
PLP217	FBbt:20001717	
PLP218	FBbt:20001718	
PLP219	FBbt:20001719	
PLP220	FBbt:20001720	
PLP221	FBbt:20001721	
PLP222	FBbt:20001722	
PLP223	FBbt:20001723	
PLP224	FBbt:20001724	
PLP225	FBbt:20001725	
PLP226	FBbt:20001726	
PLP227	FBbt:20001727	
PLP228	FBbt:20001728	
PLP229	FBbt:20001729	
PLP230	FBbt:20001730	
PLP231	FBbt:20001731	
PLP232	FBbt:20001732	
PLP233	FBbt:20001733	
PLP234	FBbt:20001734	
PLP235	FBbt:20001735	
PLP236	FBbt:20001736	
PLP237	FBbt:20001737	
PLP238	FBbt:20001738	
PLP239	FBbt:20001739	
PLP240	FBbt:20001740	
PLP241	FBbt:20001741	
PLP242	FBbt:20001742	
PLP243	FBbt:20001743	
PLP244	FBbt:20001744	
PLP245	FBbt:20001745	
PLP246	FBbt:20001746	
PLP247	FBbt:20001747	
PLP248	FBbt:20001748	
PLP249	FBbt:20001749	
PLP250	FBbt:20001750	
PLP251	FBbt:20001751	
PLP252	FBbt:20001752	
PLP253	FBbt:20001753	
PLP254	FBbt:20001754	
PLP255	FBbt:20001755	
PPL101	FBbt:00100243	
PPL102	FBbt:00111025	
PPL103	FBbt:00100241	
PPL104	FBbt:00110321	
PPL105	FBbt:00100236	
PPL106	FBbt:00110320	
PPL201	FBbt:00048255	doi:10.1101/2020.08.29.273276
PPL202	FBbt:00048254	
PPL203	FBbt:00048253	
PS001	FBbt:20001756	
PS002	FBbt:20001757	
PS003	FBbt:20001758	
PS004	FBbt:20001759	
PS005	FBbt:20001760	
PS006	FBbt:20001761	
PS007	FBbt:20001762	
PS008	FBbt:20001763	
PS009	FBbt:20001764	
PS010	FBbt:20001765	
PS011	FBbt:20001766	
PS012	FBbt:20001767	
PS013	FBbt:20001768	
PS014	FBbt:20001769	
PS015	FBbt:20001770	
PS016	FBbt:20001771	
PS017	FBbt:20001772	
PS018	FBbt:20001773	
PS019	FBbt:20001774	
PS020	FBbt:20001775	
PS021	FBbt:20001776	
PS022	FBbt:20001777	
PS023	FBbt:20001778	
PS024	FBbt:20001779	
PS025	FBbt:20001780	
PS026	FBbt:20001781	
PS027	FBbt:20001782	
PS028	FBbt:20001783	
PS029	FBbt:20001784	
PS030	FBbt:20001785	
PS031	FBbt:20001786	
PS032	FBbt:20001787	
PS033	FBbt:20001788	
PS034	FBbt:20001789	
PS035	FBbt:20001790	
PS036	FBbt:20001791	
PS037	FBbt:20001792	
PS038	FBbt:20001793	
PS039	FBbt:20001794	
PS040	FBbt:20001795	
PS041	FBbt:20001796	
PS042	FBbt:20001797	
PS043	FBbt:20001798	
PS044	FBbt:20001799	
PS045	FBbt:20001800	
PS046	FBbt:20001801	
PS047	FBbt:20001802	
PS048	FBbt:20001803	
PS049	FBbt:20001804	
PS050	FBbt:20001805	
PS051	FBbt:20001806	
PS052	FBbt:20001807	
PS053	FBbt:20001808	
PS054	FBbt:20001809	
PS055	FBbt:20001810	
PS056	FBbt:20001811	
PS057	FBbt:20001812	
PS058	FBbt:20001813	
PS059	FBbt:20001814	
PS060	FBbt:20001815	
PS061	FBbt:20001816	
PS062	FBbt:20001817	
PS063	FBbt:20001818	
PS064	FBbt:20001819	
PS065	FBbt:20001820	
PS066	FBbt:20001821	
PS067	FBbt:20001822	
PS068	FBbt:20001823	
PS069	FBbt:20001824	
PS070	FBbt:20001825	
PS071	FBbt:20001826	
PS072	FBbt:20001827	
PS073	FBbt:20001828	
PS074	FBbt:20001829	
PS075	FBbt:20001830	
PS076	FBbt:20001831	
PS077	FBbt:20001832	
PS078	FBbt:20001833	
PS079	FBbt:20001834	
PS080	FBbt:20001835	
PS081	FBbt:20001836	
PS082	FBbt:20001837	
PS083	FBbt:20001838	
PS084	FBbt:20001839	
PS085	FBbt:20001840	
PS086	FBbt:20001841	
PS087	FBbt:20001842	
PS088	FBbt:20001843	
PS089	FBbt:20001844	
PS090	FBbt:20001845	
PS091	FBbt:20001846	
PS092	FBbt:20001847	
PS093	FBbt:20001848	
PS094	FBbt:20001849	
PS095	FBbt:20001850	
PS096	FBbt:20001851	
PS097	FBbt:20001852	
PS098	FBbt:20001853	
PS099	FBbt:20001854	
PS100	FBbt:20001855	
PS101	FBbt:20001856	
PS102	FBbt:20001857	
PS103	FBbt:20001858	
PS104	FBbt:20001859	
PS105	FBbt:20001860	
PS106	FBbt:20001861	
PS107	FBbt:20001862	
PS108	FBbt:20001863	
PS109	FBbt:20001864	
PS110	FBbt:20001865	
PS111	FBbt:20001866	
PS112	FBbt:20001867	
PS113	FBbt:20001868	
PS114	FBbt:20001869	
PS115	FBbt:20001870	
PS116	FBbt:20001871	
PS117	FBbt:20001872	
PS118	FBbt:20001873	
PS119	FBbt:20001874	
PS120	FBbt:20001875	
PS121	FBbt:20001876	
PS122	FBbt:20001877	
PS123	FBbt:20001878	
PS124	FBbt:20001879	
PS125	FBbt:20001880	
PS126	FBbt:20001881	
PS127	FBbt:20001882	
PS128	FBbt:20001883	
PS129	FBbt:20001884	
PS130	FBbt:20001885	
PS131	FBbt:20001886	
PS132	FBbt:20001887	
PS133	FBbt:20001888	
PS134	FBbt:20001889	
PS135	FBbt:20001890	
PS136	FBbt:20001891	
PS137	FBbt:20001892	
PS138	FBbt:20001893	
PS139	FBbt:20001894	
PS140	FBbt:20001895	
PS141	FBbt:20001896	
PS142	FBbt:20001897	
PS143	FBbt:20001898	
PS144	FBbt:20001899	
PS145	FBbt:20001900	
PS146	FBbt:20001901	
PS147	FBbt:20001902	
PS148	FBbt:20001903	
PS149	FBbt:20001904	
PS150	FBbt:20001905	
PS151	FBbt:20001906	
PS152	FBbt:20001907	
PS153	FBbt:20001908	
PS154	FBbt:20001909	
PS155	FBbt:20001910	
PS156	FBbt:20001911	
PS157	FBbt:20001912	
PS158	FBbt:20001913	
PS159	FBbt:20001914	
PS160	FBbt:20001915	
PS161	FBbt:20001916	
PS162	FBbt:20001917	
PS163	FBbt:20001918	
PS164	FBbt:20001919	
PS165	FBbt:20001920	
PS166	FBbt:20001921	
PS167	FBbt:20001922	
PS168	FBbt:20001923	
PS169	FBbt:20001924	
PS170	FBbt:20001925	
PS171	FBbt:20001926	
PS172	FBbt:20001927	
PS173	FBbt:20001928	
PS174	FBbt:20001929	
PS175	FBbt:20001930	
PS176	FBbt:20001931	
PS177	FBbt:20001932	
PS178	FBbt:20001933	
PS179	FBbt:20001934	
PS180	FBbt:20001935	
PS181	FBbt:20001936	
PS182	FBbt:20001937	
PS183	FBbt:20001938	
PS184	FBbt:20001939	
PS185	FBbt:20001940	
PS186	FBbt:20001941	
PS187	FBbt:20001942	
PS188	FBbt:20001943	
PS189	FBbt:20001944	
PS190	FBbt:20001945	
PS191	FBbt:20001946	
PS192	FBbt:20001947	
PS193	FBbt:20001948	
PS194	FBbt:20001949	
PS195	FBbt:20001950	
PS196	FBbt:20001951	
PS197	FBbt:20001952	
PS198	FBbt:20001953	
PS199	FBbt:20001954	
PS200	FBbt:20001955	
PS201	FBbt:20001956	
PS202	FBbt:20001957	
PS203	FBbt:20001958	
PS204	FBbt:20001959	
PS205	FBbt:20001960	
PS206	FBbt:20001961	
PS207	FBbt:20001962	
PS208	FBbt:20001963	
PS209	FBbt:20001964	
PS210	FBbt:20001965	
PS211	FBbt:20001966	
PS212	FBbt:20001967	
PS213	FBbt:20001968	
PS214	FBbt:20001969	
PS215	FBbt:20001970	
PS216	FBbt:20001971	
PS217	FBbt:20001972	
PS218	FBbt:20001973	
PS219	FBbt:20001974	
PS220	FBbt:20001975	
PS221	FBbt:20001976	
PS222	FBbt:20001977	
PS223	FBbt:20001978	
PS224	FBbt:20001979	
PS225	FBbt:20001980	
PS226	FBbt:20001981	
PS227	FBbt:20001982	
PS228	FBbt:20001983	
PS229	FBbt:20001984	
PS230	FBbt:20001985	
PS231	FBbt:20001986	
PS232	FBbt:20001987	
PS233	FBbt:20001988	
PS234	FBbt:20001989	
PS235	FBbt:20001990	
PS236	FBbt:20001991	
PS237	FBbt:20001992	
PS238	FBbt:20001993	
PS239	FBbt:20001994	
PS240	FBbt:20001995	
PS241	FBbt:20001996	
PS242	FBbt:20001997	
PS243	FBbt:20001998	
PS244	FBbt:20001999	
PS245	FBbt:20002000	
PS246	FBbt:20002001	
PS247	FBbt:20002002	
PS248	FBbt:20002003	
PS249	FBbt:20002004	
PS250	FBbt:20002005	
PS251	FBbt:20002006	
PS252	FBbt:20002007	
PS253	FBbt:20002008	
PS254	FBbt:20002009	
PS255	FBbt:20002010	
PS256	FBbt:20002011	
PS257	FBbt:20002012	
PS258	FBbt:20002013	
PS259	FBbt:20002014	
PS260	FBbt:20002015	
PS261	FBbt:20002016	
PS262	FBbt:20002017	
PS263	FBbt:20002018	
PS264	FBbt:20002019	
PS265	FBbt:20002020	
PS266	FBbt:20002021	
PS267	FBbt:20002022	
PS268	FBbt:20002023	
PS269	FBbt:20002024	
PS270	FBbt:20002025	
PS271	FBbt:20002026	
PS272	FBbt:20002027	
PS273	FBbt:20002028	
PS274	FBbt:20002029	
PS275	FBbt:20002030	
PS276	FBbt:20002031	
PS277	FBbt:20002032	
PS278	FBbt:20002033	
PS279	FBbt:20002034	
PS280	FBbt:20002035	
PS281	FBbt:20002036	
PS282	FBbt:20002037	
PS283	FBbt:20002038	
PS284	FBbt:20002039	
PS285	FBbt:20002040	
PS286	FBbt:20002041	
PS287	FBbt:20002042	
PS288	FBbt:20002043	
PS289	FBbt:20002044	
PS290	FBbt:20002045	
PS291	FBbt:20002046	
PS292	FBbt:20002047	
PS293	FBbt:20002048	
PS294	FBbt:20002049	
PS295	FBbt:20002050	
PS296	FBbt:20002051	
PS297	FBbt:20002052	
PS298	FBbt:20002053	
PS299	FBbt:20002054	
PS300	FBbt:20002055	
PS301	FBbt:20002056	
PS302	FBbt:20002057	
PS303	FBbt:20002058	
PVLP001	FBbt:20002059	
PVLP002	FBbt:20002060	
PVLP003	FBbt:20002061	
PVLP004	FBbt:20002062	
PVLP005	FBbt:20002063	
PVLP006	FBbt:20002064	
PVLP007	FBbt:20002065	
PVLP008	FBbt:20002066	
PVLP009	FBbt:20002067	
PVLP010	FBbt:20002068	
PVLP011	FBbt:20002069	
PVLP012	FBbt:20002070	
PVLP013	FBbt:20002071	
PVLP014	FBbt:20002072	
PVLP015	FBbt:20002073	
PVLP016	FBbt:20002074	
PVLP017	FBbt:20002075	
PVLP018	FBbt:20002076	
PVLP019	FBbt:20002077	
PVLP020	FBbt:20002078	
PVLP021	FBbt:20002079	
PVLP022	FBbt:20002080	
PVLP023	FBbt:20002081	
PVLP024	FBbt:20002082	
PVLP025	FBbt:20002083	
PVLP026	FBbt:20002084	
PVLP027	FBbt:20002085	
PVLP028	FBbt:20002086	
PVLP029	FBbt:20002087	
PVLP030	FBbt:20002088	
PVLP031	FBbt:20002089	
PVLP032	FBbt:20002090	
PVLP033	FBbt:20002091	
PVLP034	FBbt:20002092	
PVLP035	FBbt:20002093	
PVLP036	FBbt:20002094	
PVLP037	FBbt:20002095	
PVLP038	FBbt:20002096	
PVLP039	FBbt:20002097	
PVLP040	FBbt:20002098	
PVLP041	FBbt:20002099	
PVLP042	FBbt:20002100	
PVLP043	FBbt:20002101	
PVLP044	FBbt:20002102	
PVLP045	FBbt:20002103	
PVLP046	FBbt:20002104	
PVLP047	FBbt:20002105	
PVLP048	FBbt:20002106	
PVLP049	FBbt:20002107	
PVLP050	FBbt:20002108	
PVLP051	FBbt:20002109	
PVLP052	FBbt:20002110	
PVLP053	FBbt:20002111	
PVLP054	FBbt:20002112	
PVLP055	FBbt:20002113	
PVLP056	FBbt:20002114	
PVLP057	FBbt:20002115	
PVLP058	FBbt:20002116	
PVLP059	FBbt:20002117	
PVLP060	FBbt:20002118	
PVLP061	FBbt:20002119	
PVLP062	FBbt:20002120	
PVLP063	FBbt:20002121	
PVLP064	FBbt:20002122	
PVLP065	FBbt:20002123	
PVLP066	FBbt:20002124	
PVLP067	FBbt:20002125	
PVLP068	FBbt:20002126	
PVLP069	FBbt:20002127	
PVLP070	FBbt:20002128	
PVLP071	FBbt:20002129	
PVLP072	FBbt:20002130	
PVLP073	FBbt:20002131	
PVLP074	FBbt:20002132	
PVLP075	FBbt:20002133	
PVLP076	FBbt:20002134	
PVLP077	FBbt:20002135	
PVLP078	FBbt:20002136	
PVLP079	FBbt:20002137	
PVLP080	FBbt:20002138	
PVLP081	FBbt:20002139	
PVLP082	FBbt:20002140	
PVLP083	FBbt:20002141	
PVLP084	FBbt:20002142	
PVLP085	FBbt:20002143	
PVLP086	FBbt:20002144	
PVLP087	FBbt:20002145	
PVLP088	FBbt:20002146	
PVLP089	FBbt:20002147	
PVLP090	FBbt:20002148	
PVLP091	FBbt:20002149	
PVLP092	FBbt:20002150	
PVLP093	FBbt:20002151	
PVLP094	FBbt:20002152	
PVLP095	FBbt:20002153	
PVLP096	FBbt:20002154	
PVLP097	FBbt:20002155	
PVLP098	FBbt:20002156	
PVLP099	FBbt:20002157	
PVLP100	FBbt:20002158	
PVLP101	FBbt:20002159	
PVLP102	FBbt:20002160	
PVLP103	FBbt:20002161	
PVLP104	FBbt:20002162	
PVLP105	FBbt:20002163	
PVLP106	FBbt:20002164	
PVLP107	FBbt:20002165	
PVLP108	FBbt:20002166	
PVLP109	FBbt:20002167	
PVLP110	FBbt:20002168	
PVLP111	FBbt:20002169	
PVLP112	FBbt:20002170	
PVLP113	FBbt:20002171	
PVLP114	FBbt:20002172	
PVLP115	FBbt:20002173	
PVLP116	FBbt:20002174	
PVLP117	FBbt:20002175	
PVLP118	FBbt:20002176	
PVLP119	FBbt:20002177	
PVLP120	FBbt:20002178	
PVLP121	FBbt:20002179	
PVLP122	FBbt:20002180	
PVLP123	FBbt:20002181	
PVLP124	FBbt:20002182	
PVLP125	FBbt:20002183	
PVLP126	FBbt:20002184	
PVLP127	FBbt:20002185	
PVLP128	FBbt:20002186	
PVLP129	FBbt:20002187	
PVLP130	FBbt:20002188	
PVLP131	FBbt:20002189	
PVLP132	FBbt:20002190	
PVLP133	FBbt:20002191	
PVLP134	FBbt:20002192	
PVLP135	FBbt:20002193	
PVLP136	FBbt:20002194	
PVLP137	FBbt:20002195	
PVLP138	FBbt:20002196	
PVLP139	FBbt:20002197	
PVLP140	FBbt:20002198	
PVLP141	FBbt:20002199	
PVLP142	FBbt:20002200	
PVLP143	FBbt:20002201	
PVLP144	FBbt:20002202	
PVLP145	FBbt:20002203	
PVLP146	FBbt:20002204	
PVLP147	FBbt:20002205	
PVLP148	FBbt:20002206	
PVLP149	FBbt:20002207	
PVLP150	FBbt:20002208	
PVLP151	FBbt:20002209	
SAD001	FBbt:20002210	
SAD002	FBbt:20002211	
SAD003	FBbt:20002212	
SAD004	FBbt:20002213	
SAD005	FBbt:20002214	
SAD006	FBbt:20002215	
SAD007	FBbt:20002216	
SAD008	FBbt:20002217	
SAD009	FBbt:20002218	
SAD010	FBbt:20002219	
SAD011	FBbt:20002220	
SAD012	FBbt:20002221	
SAD013	FBbt:20002222	
SAD014	FBbt:20002223	
SAD015	FBbt:20002224	
SAD016	FBbt:20002225	
SAD017	FBbt:20002226	
SAD018	FBbt:20002227	
SAD019	FBbt:20002228	
SAD020	FBbt:20002229	
SAD021	FBbt:20002230	
SAD022	FBbt:20002231	
SAD023	FBbt:20002232	
SAD024	FBbt:20002233	
SAD025	FBbt:20002234	
SAD026	FBbt:20002235	
SAD027	FBbt:20002236	
SAD028	FBbt:20002237	
SAD029	FBbt:20002238	
SAD030	FBbt:20002239	
SAD031	FBbt:20002240	
SAD032	FBbt:20002241	
SAD033	FBbt:20002242	
SAD034	FBbt:20002243	
SAD035	FBbt:20002244	
SAD036	FBbt:20002245	
SAD037	FBbt:20002246	
SAD038	FBbt:20002247	
SAD039	FBbt:20002248	
SAD040	FBbt:20002249	
SAD041	FBbt:20002250	
SAD042	FBbt:20002251	
SAD043	FBbt:20002252	
SAD044	FBbt:20002253	
SAD045	FBbt:20002254	
SAD046	FBbt:20002255	
SAD047	FBbt:20002256	
SAD048	FBbt:20002257	
SAD049	FBbt:20002258	
SAD050	FBbt:20002259	
SAD051	FBbt:20002260	
SAD052	FBbt:20002261	
SAD053	FBbt:20002262	
SAD054	FBbt:20002263	
SAD055	FBbt:20002264	
SAD056	FBbt:20002265	
SAD057	FBbt:20002266	
SAD058	FBbt:20002267	
SAD059	FBbt:20002268	
SAD060	FBbt:20002269	
SAD061	FBbt:20002270	
SAD062	FBbt:20002271	
SAD063	FBbt:20002272	
SAD064	FBbt:20002273	
SAD065	FBbt:20002274	
SAD066	FBbt:20002275	
SAD067	FBbt:20002276	
SAD068	FBbt:20002277	
SAD069	FBbt:20002278	
SAD070	FBbt:20002279	
SAD071	FBbt:20002280	
SAD072	FBbt:20002281	
SAD073	FBbt:20002282	
SAD074	FBbt:20002283	
SAD075	FBbt:20002284	
SAD076	FBbt:20002285	
SAD077	FBbt:20002286	
SAD078	FBbt:20002287	
SAD079	FBbt:20002288	
SAD080	FBbt:20002289	
SAD081	FBbt:20002290	
SAD082	FBbt:20002291	
SAD083	FBbt:20002292	
SAD084	FBbt:20002293	
SAD085	FBbt:20002294	
SAD086	FBbt:20002295	
SAD087	FBbt:20002296	
SAD088	FBbt:20002297	
SAD089	FBbt:20002298	
SAD090	FBbt:20002299	
SAD091	FBbt:20002300	
SAD092	FBbt:20002301	
SAD093	FBbt:20002302	
SAD094	FBbt:20002303	
SAD095	FBbt:20002304	
SAF	FBbt:00049145	FlyBase:FBrf0240744
SAG	FBbt:00111304	FlyBase:FBrf0246888
SIFa	FBbt:00047427	
SIP001	FBbt:20002305	
SIP002	FBbt:20002306	
SIP003	FBbt:20002307	
SIP004	FBbt:20002308	
SIP005	FBbt:20002309	
SIP006	FBbt:20002310	
SIP007	FBbt:20002311	
SIP008	FBbt:20002312	
SIP009	FBbt:20002313	
SIP010	FBbt:20002314	
SIP011	FBbt:20002315	
SIP012	FBbt:20002316	
SIP013	FBbt:20002317	
SIP014	FBbt:20002318	
SIP015	FBbt:20002319	
SIP016	FBbt:20002320	
SIP017	FBbt:20002321	
SIP018	FBbt:20002322	
SIP019	FBbt:20002323	
SIP020	FBbt:20002324	
SIP021	FBbt:20002325	
SIP022	FBbt:20002326	
SIP023	FBbt:20002327	
SIP024	FBbt:20002328	
SIP025	FBbt:20002329	
SIP026	FBbt:20002330	
SIP027	FBbt:20002331	
SIP028	FBbt:20002332	
SIP029	FBbt:20002333	
SIP030	FBbt:20002334	
SIP031	FBbt:20002335	
SIP032	FBbt:20002336	
SIP033	FBbt:20002337	
SIP034	FBbt:20002338	
SIP035	FBbt:20002339	
SIP036	FBbt:20002340	
SIP037	FBbt:20002341	
SIP038	FBbt:20002342	
SIP039	FBbt:20002343	
SIP040	FBbt:20002344	
SIP041	FBbt:20002345	
SIP042	FBbt:20002346	
SIP043	FBbt:20002347	
SIP044	FBbt:20002348	
SIP045	FBbt:20002349	
SIP046	FBbt:20002350	
SIP047	FBbt:20002351	
SIP048	FBbt:20002352	
SIP049	FBbt:20002353	
SIP050	FBbt:20002354	
SIP051	FBbt:20002355	
SIP052	FBbt:20002356	
SIP053	FBbt:20002357	
SIP054	FBbt:20002358	
SIP055	FBbt:20002359	
SIP056	FBbt:20002360	
SIP057	FBbt:20002361	
SIP058	FBbt:20002362	
SIP059	FBbt:20002363	
SIP060	FBbt:20002364	
SIP061	FBbt:20002365	
SIP062	FBbt:20002366	
SIP063	FBbt:20002367	
SIP064	FBbt:20002368	
SIP065	FBbt:20002369	
SIP066	FBbt:20002370	
SIP067	FBbt:20002371	
SIP068	FBbt:20002372	
SIP069	FBbt:20002373	
SIP070	FBbt:20002374	
SIP071	FBbt:20002375	
SIP072	FBbt:20002376	
SIP073	FBbt:20002377	
SIP074	FBbt:20002378	
SIP075	FBbt:20002379	
SIP076	FBbt:20002380	
SIP077	FBbt:20002381	
SIP078	FBbt:20002382	
SIP079	FBbt:20002383	
SIP080	FBbt:20002384	
SIP081	FBbt:20002385	
SIP082	FBbt:20002386	
SIP083	FBbt:20002387	
SIP084	FBbt:20002388	
SIP085	FBbt:20002389	
SIP086	FBbt:20002390	
SIP087	FBbt:20002391	
SIP088	FBbt:20002392	
SIP089	FBbt:20002393	
SIP090	FBbt:20002394	
SLP001	FBbt:20002395	
SLP002	FBbt:20002396	
SLP003	FBbt:20002397	
SLP004	FBbt:20002398	
SLP005	FBbt:20002399	
SLP006	FBbt:20002400	
SLP007	FBbt:20002401	
SLP008	FBbt:20002402	
SLP009	FBbt:20002403	
SLP010	FBbt:20002404	
SLP011	FBbt:20002405	
SLP012	FBbt:20002406	
SLP013	FBbt:20002407	
SLP014	FBbt:20002408	
SLP015	FBbt:20002409	
SLP016	FBbt:20002410	
SLP017	FBbt:20002411	
SLP018	FBbt:20002412	
SLP019	FBbt:20002413	
SLP020	FBbt:20002414	
SLP021	FBbt:20002415	
SLP022	FBbt:20002416	
SLP023	FBbt:20002417	
SLP024	FBbt:20002418	
SLP025	FBbt:20002419	
SLP026	FBbt:20002420	
SLP027	FBbt:20002421	
SLP028	FBbt:20002422	
SLP029	FBbt:20002423	
SLP030	FBbt:20002424	
SLP031	FBbt:20002425	
SLP032	FBbt:20002426	
SLP033	FBbt:20002427	
SLP034	FBbt:20002428	
SLP035	FBbt:20002429	
SLP036	FBbt:20002430	
SLP037	FBbt:20002431	
SLP038	FBbt:20002432	
SLP039	FBbt:20002433	
SLP040	FBbt:20002434	
SLP041	FBbt:20002435	
SLP042	FBbt:20002436	
SLP043	FBbt:20002437	
SLP044	FBbt:20002438	
SLP045	FBbt:20002439	
SLP046	FBbt:20002440	
SLP047	FBbt:20002441	
SLP048	FBbt:20002442	
SLP049	FBbt:20002443	
SLP050	FBbt:20002444	
SLP051	FBbt:20002445	
SLP052	FBbt:20002446	
SLP053	FBbt:20002447	
SLP054	FBbt:20002448	
SLP055	FBbt:20002449	
SLP056	FBbt:20002450	
SLP057	FBbt:20002451	
SLP058	FBbt:20002452	
SLP059	FBbt:20002453	
SLP060	FBbt:20002454	
SLP061	FBbt:20002455	
SLP062	FBbt:20002456	
SLP063	FBbt:20002457	
SLP064	FBbt:20002458	
SLP065	FBbt:20002459	
SLP066	FBbt:20002460	
SLP067	FBbt:20002461	
SLP068	FBbt:20002462	
SLP069	FBbt:20002463	
SLP070	FBbt:20002464	
SLP071	FBbt:20002465	
SLP072	FBbt:20002466	
SLP073	FBbt:20002467	
SLP074	FBbt:20002468	
SLP075	FBbt:20002469	
SLP076	FBbt:20002470	
SLP077	FBbt:20002471	
SLP078	FBbt:20002472	
SLP079	FBbt:20002473	
SLP080	FBbt:20002474	
SLP081	FBbt:20002475	
SLP082	FBbt:20002476	
SLP083	FBbt:20002477	
SLP084	FBbt:20002478	
SLP085	FBbt:20002479	
SLP086	FBbt:20002480	
SLP087	FBbt:20002481	
SLP088	FBbt:20002482	
SLP089	FBbt:20002483	
SLP090	FBbt:20002484	
SLP091	FBbt:20002485	
SLP092	FBbt:20002486	
SLP093	FBbt:20002487	
SLP094	FBbt:20002488	
SLP095	FBbt:20002489	
SLP096	FBbt:20002490	
SLP097	FBbt:20002491	
SLP098	FBbt:20002492	
SLP099	FBbt:20002493	
SLP100	FBbt:20002494	
SLP101	FBbt:20002495	
SLP102	FBbt:20002496	
SLP103	FBbt:20002497	
SLP104	FBbt:20002498	
SLP105	FBbt:20002499	
SLP106	FBbt:20002500	
SLP107	FBbt:20002501	
SLP108	FBbt:20002502	
SLP109	FBbt:20002503	
SLP110	FBbt:20002504	
SLP111	FBbt:20002505	
SLP112	FBbt:20002506	
SLP113	FBbt:20002507	
SLP114	FBbt:20002508	
SLP115	FBbt:20002509	
SLP116	FBbt:20002510	
SLP117	FBbt:20002511	
SLP118	FBbt:20002512	
SLP119	FBbt:20002513	
SLP120	FBbt:20002514	
SLP121	FBbt:20002515	
SLP122	FBbt:20002516	
SLP123	FBbt:20002517	
SLP124	FBbt:20002518	
SLP125	FBbt:20002519	
SLP126	FBbt:20002520	
SLP127	FBbt:20002521	
SLP128	FBbt:20002522	
SLP129	FBbt:20002523	
SLP130	FBbt:20002524	
SLP131	FBbt:20002525	
SLP132	FBbt:20002526	
SLP133	FBbt:20002527	
SLP134	FBbt:20002528	
SLP135	FBbt:20002529	
SLP136	FBbt:20002530	
SLP137	FBbt:20002531	
SLP138	FBbt:20002532	
SLP139	FBbt:20002533	
SLP140	FBbt:20002534	
SLP141	FBbt:20002535	
SLP142	FBbt:20002536	
SLP143	FBbt:20002537	
SLP144	FBbt:20002538	
SLP145	FBbt:20002539	
SLP146	FBbt:20002540	
SLP147	FBbt:20002541	
SLP148	FBbt:20002542	
SLP149	FBbt:20002543	
SLP150	FBbt:20002544	
SLP151	FBbt:20002545	
SLP152	FBbt:20002546	
SLP153	FBbt:20002547	
SLP154	FBbt:20002548	
SLP155	FBbt:20002549	
SLP156	FBbt:20002550	
SLP157	FBbt:20002551	
SLP158	FBbt:20002552	
SLP159	FBbt:20002553	
SLP160	FBbt:20002554	
SLP161	FBbt:20002555	
SLP162	FBbt:20002556	
SLP163	FBbt:20002557	
SLP164	FBbt:20002558	
SLP165	FBbt:20002559	
SLP166	FBbt:20002560	
SLP167	FBbt:20002561	
SLP168	FBbt:20002562	
SLP169	FBbt:20002563	
SLP170	FBbt:20002564	
SLP171	FBbt:20002565	
SLP172	FBbt:20002566	
SLP173	FBbt:20002567	
SLP174	FBbt:20002568	
SLP175	FBbt:20002569	
SLP176	FBbt:20002570	
SLP177	FBbt:20002571	
SLP178	FBbt:20002572	
SLP179	FBbt:20002573	
SLP180	FBbt:20002574	
SLP181	FBbt:20002575	
SLP182	FBbt:20002576	
SLP183	FBbt:20002577	
SLP184	FBbt:20002578	
SLP185	FBbt:20002579	
SLP186	FBbt:20002580	
SLP187	FBbt:20002581	
SLP188	FBbt:20002582	
SLP189	FBbt:20002583	
SLP190	FBbt:20002584	
SLP191	FBbt:20002585	
SLP192	FBbt:20002586	
SLP193	FBbt:20002587	
SLP194	FBbt:20002588	
SLP195	FBbt:20002589	
SLP196	FBbt:20002590	
SLP197	FBbt:20002591	
SLP198	FBbt:20002592	
SLP199	FBbt:20002593	
SLP200	FBbt:20002594	
SLP201	FBbt:20002595	
SLP202	FBbt:20002596	
SLP203	FBbt:20002597	
SLP204	FBbt:20002598	
SLP205	FBbt:20002599	
SLP206	FBbt:20002600	
SLP207	FBbt:20002601	
SLP208	FBbt:20002602	
SLP209	FBbt:20002603	
SLP210	FBbt:20002604	
SLP211	FBbt:20002605	
SLP212	FBbt:20002606	
SLP213	FBbt:20002607	
SLP214	FBbt:20002608	
SLP215	FBbt:20002609	
SLP216	FBbt:20002610	
SLP217	FBbt:20002611	
SLP218	FBbt:20002612	
SLP219	FBbt:20002613	
SLP220	FBbt:20002614	
SLP221	FBbt:20002615	
SLP222	FBbt:20002616	
SLP223	FBbt:20002617	
SLP224	FBbt:20002618	
SLP225	FBbt:20002619	
SLP226	FBbt:20002620	
SLP227	FBbt:20002621	
SLP228	FBbt:20002622	
SLP229	FBbt:20002623	
SLP230	FBbt:20002624	
SLP231	FBbt:20002625	
SLP232	FBbt:20002626	
SLP233	FBbt:20002627	
SLP234	FBbt:20002628	
SLP235	FBbt:20002629	
SLP236	FBbt:20002630	
SLP237	FBbt:20002631	
SLP238	FBbt:20002632	
SLP239	FBbt:20002633	
SLP240	FBbt:20002634	
SLP241	FBbt:20002635	
SLP242	FBbt:20002636	
SLP243	FBbt:20002637	
SLP244	FBbt:20002638	
SLP245	FBbt:20002639	
SLP246	FBbt:20002640	
SLP247	FBbt:20002641	
SLP248	FBbt:20002642	
SLP249	FBbt:20002643	
SLP250	FBbt:20002644	
SLP251	FBbt:20002645	
SLP252	FBbt:20002646	
SLP253	FBbt:20002647	
SLP254	FBbt:20002648	
SLP255	FBbt:20002649	
SLP256	FBbt:20002650	
SLP257	FBbt:20002651	
SLP258	FBbt:20002652	
SLP259	FBbt:20002653	
SLP260	FBbt:20002654	
SLP261	FBbt:20002655	
SLP262	FBbt:20002656	
SLP263	FBbt:20002657	
SLP264	FBbt:20002658	
SLP265	FBbt:20002659	
SLP266	FBbt:20002660	
SLP267	FBbt:20002661	
SLP268	FBbt:20002662	
SLP269	FBbt:20002663	
SLP270	FBbt:20002664	
SLP271	FBbt:20002665	
SLP272	FBbt:20002666	
SLP273	FBbt:20002667	
SLP274	FBbt:20002668	
SLP275	FBbt:20002669	
SLP276	FBbt:20002670	
SLP277	FBbt:20002671	
SLP278	FBbt:20002672	
SLP279	FBbt:20002673	
SLP280	FBbt:20002674	
SLP281	FBbt:20002675	
SLP282	FBbt:20002676	
SLP283	FBbt:20002677	
SLP284	FBbt:20002678	
SLP285	FBbt:20002679	
SLP286	FBbt:20002680	
SLP287	FBbt:20002681	
SLP288	FBbt:20002682	
SLP289	FBbt:20002683	
SLP290	FBbt:20002684	
SLP291	FBbt:20002685	
SLP292	FBbt:20002686	
SLP293	FBbt:20002687	
SLP294	FBbt:20002688	
SLP295	FBbt:20002689	
SLP296	FBbt:20002690	
SLP297	FBbt:20002691	
SLP298	FBbt:20002692	
SLP299	FBbt:20002693	
SLP300	FBbt:20002694	
SLP301	FBbt:20002695	
SLP302	FBbt:20002696	
SLP303	FBbt:20002697	
SLP304	FBbt:20002698	
SLP305	FBbt:20002699	
SLP306	FBbt:20002700	
SLP307	FBbt:20002701	
SLP308	FBbt:20002702	
SLP309	FBbt:20002703	
SLP310	FBbt:20002704	
SLP311	FBbt:20002705	
SLP312	FBbt:20002706	
SLP313	FBbt:20002707	
SLP314	FBbt:20002708	
SLP315	FBbt:20002709	
SLP316	FBbt:20002710	
SLP317	FBbt:20002711	
SLP318	FBbt:20002712	
SLP319	FBbt:20002713	
SLP320	FBbt:20002714	
SLP321	FBbt:20002715	
SLP322	FBbt:20002716	
SLP323	FBbt:20002717	
SLP324	FBbt:20002718	
SLP325	FBbt:20002719	
SLP326	FBbt:20002720	
SLP327	FBbt:20002721	
SLP328	FBbt:20002722	
SLP329	FBbt:20002723	
SLP330	FBbt:20002724	
SLP331	FBbt:20002725	
SLP332	FBbt:20002726	
SLP333	FBbt:20002727	
SLP334	FBbt:20002728	
SLP335	FBbt:20002729	
SLP336	FBbt:20002730	
SLP337	FBbt:20002731	
SLP338	FBbt:20002732	
SLP339	FBbt:20002733	
SLP340	FBbt:20002734	
SLP341	FBbt:20002735	
SLP342	FBbt:20002736	
SLP343	FBbt:20002737	
SLP344	FBbt:20002738	
SLP345	FBbt:20002739	
SLP346	FBbt:20002740	
SLP347	FBbt:20002741	
SLP348	FBbt:20002742	
SLP349	FBbt:20002743	
SLP350	FBbt:20002744	
SLP351	FBbt:20002745	
SLP352	FBbt:20002746	
SLP353	FBbt:20002747	
SLP354	FBbt:20002748	
SLP355	FBbt:20002749	
SLP356	FBbt:20002750	
SLP357	FBbt:20002751	
SLP358	FBbt:20002752	
SLP359	FBbt:20002753	
SLP360	FBbt:20002754	
SLP361	FBbt:20002755	
SLP362	FBbt:20002756	
SLP363	FBbt:20002757	
SLP364	FBbt:20002758	
SLP365	FBbt:20002759	
SLP366	FBbt:20002760	
SLP367	FBbt:20002761	
SLP368	FBbt:20002762	
SLP369	FBbt:20002763	
SLP370	FBbt:20002764	
SLP371	FBbt:20002765	
SLP372	FBbt:20002766	
SLP373	FBbt:20002767	
SLP374	FBbt:20002768	
SLP375	FBbt:20002769	
SLP376	FBbt:20002770	
SLP377	FBbt:20002771	
SLP378	FBbt:20002772	
SLP379	FBbt:20002773	
SLP380	FBbt:20002774	
SLP381	FBbt:20002775	
SLP382	FBbt:20002776	
SLP383	FBbt:20002777	
SLP384	FBbt:20002778	
SLP385	FBbt:20002779	
SLP386	FBbt:20002780	
SLP387	FBbt:20002781	
SLP388	FBbt:20002782	
SLP389	FBbt:20002783	
SLP390	FBbt:20002784	
SLP391	FBbt:20002785	
SLP392	FBbt:20002786	
SLP393	FBbt:20002787	
SLP394	FBbt:20002788	
SLP395	FBbt:20002789	
SLP396	FBbt:20002790	
SLP397	FBbt:20002791	
SLP398	FBbt:20002792	
SLP399	FBbt:20002793	
SLP400	FBbt:20002794	
SLP401	FBbt:20002795	
SLP402	FBbt:20002796	
SLP403	FBbt:20002797	
SLP404	FBbt:20002798	
SLP405	FBbt:20002799	
SLP406	FBbt:20002800	
SLP407	FBbt:20002801	
SLP408	FBbt:20002802	
SLP409	FBbt:20002803	
SLP410	FBbt:20002804	
SLP411	FBbt:20002805	
SLP412	FBbt:20002806	
SLP413	FBbt:20002807	
SLP414	FBbt:20002808	
SLP415	FBbt:20002809	
SLP416	FBbt:20002810	
SLP417	FBbt:20002811	
SLP418	FBbt:20002812	
SLP419	FBbt:20002813	
SLP420	FBbt:20002814	
SLP421	FBbt:20002815	
SLP422	FBbt:20002816	
SLP423	FBbt:20002817	
SLP424	FBbt:20002818	
SLP425	FBbt:20002819	
SLP426	FBbt:20002820	
SLP427	FBbt:20002821	
SLP428	FBbt:20002822	
SLP429	FBbt:20002823	
SLP430	FBbt:20002824	
SLP431	FBbt:20002825	
SLP432	FBbt:20002826	
SLP433	FBbt:20002827	
SLP434	FBbt:20002828	
SLP435	FBbt:20002829	
SLP436	FBbt:20002830	
SLP437	FBbt:20002831	
SLP438	FBbt:20002832	
SLP439	FBbt:20002833	
SLP440	FBbt:20002834	
SLP441	FBbt:20002835	
SLP442	FBbt:20002836	
SLP443	FBbt:20002837	
SLP444	FBbt:20002838	
SLP445	FBbt:20002839	
SLP446	FBbt:20002840	
SLP447	FBbt:20002841	
SLP448	FBbt:20002842	
SLP449	FBbt:20002843	
SLP450	FBbt:20002844	
SLP451	FBbt:20002845	
SLP452	FBbt:20002846	
SLP453	FBbt:20002847	
SLP454	FBbt:20002848	
SLP455	FBbt:20002849	
SLP456	FBbt:20002850	
SLP457	FBbt:20002851	
SLP458	FBbt:20002852	
SLP459	FBbt:20002853	
SLP460	FBbt:20002854	
SLP461	FBbt:20002855	
SLP462	FBbt:20002856	
SLP463	FBbt:20002857	
SLP464	FBbt:20002858	
SLP465	FBbt:20002859	
SLP466	FBbt:20002860	
SLP467	FBbt:20002861	
SLP468	FBbt:20002862	
SMP001	FBbt:20002863	
SMP002	FBbt:20002864	
SMP003	FBbt:20002865	
SMP004	FBbt:20002866	
SMP005	FBbt:20002867	
SMP006	FBbt:20002868	
SMP007	FBbt:20002869	
SMP008	FBbt:20002870	
SMP009	FBbt:20002871	
SMP010	FBbt:20002872	
SMP011	FBbt:20002873	
SMP012	FBbt:20002874	
SMP013	FBbt:20002875	
SMP014	FBbt:20002876	
SMP015	FBbt:20002877	
SMP016	FBbt:20002878	
SMP017	FBbt:20002879	
SMP018	FBbt:20002880	
SMP019	FBbt:20002881	
SMP020	FBbt:20002882	
SMP021	FBbt:20002883	
SMP022	FBbt:20002884	
SMP023	FBbt:20002885	
SMP024	FBbt:20002886	
SMP025	FBbt:20002887	
SMP026	FBbt:20002888	
SMP027	FBbt:20002889	
SMP028	FBbt:20002890	
SMP029	FBbt:20002891	
SMP030	FBbt:20002892	
SMP031	FBbt:20002893	
SMP032	FBbt:20002894	
SMP033	FBbt:20002895	
SMP034	FBbt:20002896	
SMP035	FBbt:20002897	
SMP036	FBbt:20002898	
SMP037	FBbt:20002899	
SMP038	FBbt:20002900	
SMP039	FBbt:20002901	
SMP040	FBbt:20002902	
SMP041	FBbt:20002903	
SMP042	FBbt:20002904	
SMP043	FBbt:20002905	
SMP044	FBbt:20002906	
SMP045	FBbt:20002907	
SMP046	FBbt:20002908	
SMP047	FBbt:20002909	
SMP048	FBbt:20002910	
SMP049	FBbt:20002911	
SMP050	FBbt:20002912	
SMP051	FBbt:20002913	
SMP052	FBbt:20002914	
SMP053	FBbt:20002915	
SMP054	FBbt:20002916	
SMP055	FBbt:20002917	
SMP056	FBbt:20002918	
SMP057	FBbt:20002919	
SMP058	FBbt:20002920	
SMP059	FBbt:20002921	
SMP060	FBbt:20002922	
SMP061	FBbt:20002923	
SMP062	FBbt:20002924	
SMP063	FBbt:20002925	
SMP064	FBbt:20002926	
SMP065	FBbt:20002927	
SMP066	FBbt:20002928	
SMP067	FBbt:20002929	
SMP068	FBbt:20002930	
SMP069	FBbt:20002931	
SMP070	FBbt:20002932	
SMP071	FBbt:20002933	
SMP072	FBbt:20002934	
SMP073	FBbt:20002935	
SMP074	FBbt:20002936	
SMP075	FBbt:20002937	
SMP076	FBbt:20002938	
SMP077	FBbt:20002939	
SMP078	FBbt:20002940	
SMP079	FBbt:20002941	
SMP080	FBbt:20002942	
SMP081	FBbt:20002943	
SMP082	FBbt:20002944	
SMP083	FBbt:20002945	
SMP084	FBbt:20002946	
SMP085	FBbt:20002947	
SMP086	FBbt:20002948	
SMP087	FBbt:20002949	
SMP088	FBbt:20002950	
SMP089	FBbt:20002951	
SMP090	FBbt:20002952	
SMP091	FBbt:20002953	
SMP092	FBbt:20002954	
SMP093	FBbt:20002955	
SMP094	FBbt:20002956	
SMP095	FBbt:20002957	
SMP096	FBbt:20002958	
SMP097	FBbt:20002959	
SMP098	FBbt:20002960	
SMP099	FBbt:20002961	
SMP100	FBbt:20002962	
SMP101	FBbt:20002963	
SMP102	FBbt:20002964	
SMP103	FBbt:20002965	
SMP104	FBbt:20002966	
SMP105	FBbt:20002967	
SMP106	FBbt:20002968	
SMP107	FBbt:20002969	
SMP108	FBbt:20002970	
SMP109	FBbt:20002971	
SMP110	FBbt:20002972	
SMP111	FBbt:20002973	
SMP112	FBbt:20002974	
SMP113	FBbt:20002975	
SMP114	FBbt:20002976	
SMP115	FBbt:20002977	
SMP116	FBbt:20002978	
SMP117	FBbt:20002979	
SMP118	FBbt:20002980	
SMP119	FBbt:20002981	
SMP120	FBbt:20002982	
SMP121	FBbt:20002983	
SMP122	FBbt:20002984	
SMP123	FBbt:20002985	
SMP124	FBbt:20002986	
SMP125	FBbt:20002987	
SMP126	FBbt:20002988	
SMP127	FBbt:20002989	
SMP128	FBbt:20002990	
SMP129	FBbt:20002991	
SMP130	FBbt:20002992	
SMP131	FBbt:20002993	
SMP132	FBbt:20002994	
SMP133	FBbt:20002995	
SMP134	FBbt:20002996	
SMP135	FBbt:20002997	
SMP136	FBbt:20002998	
SMP137	FBbt:20002999	
SMP138	FBbt:20003000	
SMP139	FBbt:20003001	
SMP140	FBbt:20003002	
SMP141	FBbt:20003003	
SMP142	FBbt:20003004	
SMP143	FBbt:20003005	
SMP144	FBbt:20003006	
SMP145	FBbt:20003007	
SMP146	FBbt:20003008	
SMP147	FBbt:20003009	
SMP148	FBbt:20003010	
SMP149	FBbt:20003011	
SMP150	FBbt:20003012	
SMP151	FBbt:20003013	
SMP152	FBbt:20003014	
SMP153	FBbt:20003015	
SMP154	FBbt:20003016	
SMP155	FBbt:20003017	
SMP156	FBbt:20003018	
SMP157	FBbt:20003019	
SMP158	FBbt:20003020	
SMP159	FBbt:20003021	
SMP160	FBbt:20003022	
SMP161	FBbt:20003023	
SMP162	FBbt:20003024	
SMP163	FBbt:20003025	
SMP164	FBbt:20003026	
SMP165	FBbt:20003027	
SMP166	FBbt:20003028	
SMP167	FBbt:20003029	
SMP168	FBbt:20003030	
SMP169	FBbt:20003031	
SMP170	FBbt:20003032	
SMP171	FBbt:20003033	
SMP172	FBbt:20003034	
SMP173	FBbt:20003035	
SMP174	FBbt:20003036	
SMP175	FBbt:20003037	
SMP176	FBbt:20003038	
SMP177	FBbt:20003039	
SMP178	FBbt:20003040	
SMP179	FBbt:20003041	
SMP180	FBbt:20003042	
SMP181	FBbt:20003043	
SMP182	FBbt:20003044	
SMP183	FBbt:20003045	
SMP184	FBbt:20003046	
SMP185	FBbt:20003047	
SMP186	FBbt:20003048	
SMP187	FBbt:20003049	
SMP188	FBbt:20003050	
SMP189	FBbt:20003051	
SMP190	FBbt:20003052	
SMP191	FBbt:20003053	
SMP192	FBbt:20003054	
SMP193	FBbt:20003055	
SMP194	FBbt:20003056	
SMP195	FBbt:20003057	
SMP196	FBbt:20003058	
SMP197	FBbt:20003059	
SMP198	FBbt:20003060	
SMP199	FBbt:20003061	
SMP200	FBbt:20003062	
SMP201	FBbt:20003063	
SMP202	FBbt:20003064	
SMP203	FBbt:20003065	
SMP204	FBbt:20003066	
SMP205	FBbt:20003067	
SMP206	FBbt:20003068	
SMP207	FBbt:20003069	
SMP208	FBbt:20003070	
SMP209	FBbt:20003071	
SMP210	FBbt:20003072	
SMP211	FBbt:20003073	
SMP212	FBbt:20003074	
SMP213	FBbt:20003075	
SMP214	FBbt:20003076	
SMP215	FBbt:20003077	
SMP216	FBbt:20003078	
SMP217	FBbt:20003079	
SMP218	FBbt:20003080	
SMP219	FBbt:20003081	
SMP220	FBbt:20003082	
SMP221	FBbt:20003083	
SMP222	FBbt:20003084	
SMP223	FBbt:20003085	
SMP224	FBbt:20003086	
SMP225	FBbt:20003087	
SMP226	FBbt:20003088	
SMP227	FBbt:20003089	
SMP228	FBbt:20003090	
SMP229	FBbt:20003091	
SMP230	FBbt:20003092	
SMP231	FBbt:20003093	
SMP232	FBbt:20003094	
SMP233	FBbt:20003095	
SMP234	FBbt:20003096	
SMP235	FBbt:20003097	
SMP236	FBbt:20003098	
SMP237	FBbt:20003099	
SMP238	FBbt:20003100	
SMP239	FBbt:20003101	
SMP240	FBbt:20003102	
SMP241	FBbt:20003103	
SMP242	FBbt:20003104	
SMP243	FBbt:20003105	
SMP244	FBbt:20003106	
SMP245	FBbt:20003107	
SMP246	FBbt:20003108	
SMP247	FBbt:20003109	
SMP248	FBbt:20003110	
SMP249	FBbt:20003111	
SMP250	FBbt:20003112	
SMP251	FBbt:20003113	
SMP252	FBbt:20003114	
SMP253	FBbt:20003115	
SMP254	FBbt:20003116	
SMP255	FBbt:20003117	
SMP256	FBbt:20003118	
SMP257	FBbt:20003119	
SMP258	FBbt:20003120	
SMP259	FBbt:20003121	
SMP260	FBbt:20003122	
SMP261	FBbt:20003123	
SMP262	FBbt:20003124	
SMP263	FBbt:20003125	
SMP264	FBbt:20003126	
SMP265	FBbt:20003127	
SMP266	FBbt:20003128	
SMP267	FBbt:20003129	
SMP268	FBbt:20003130	
SMP269	FBbt:20003131	
SMP270	FBbt:20003132	
SMP271	FBbt:20003133	
SMP272	FBbt:20003134	
SMP273	FBbt:20003135	
SMP274	FBbt:20003136	
SMP275	FBbt:20003137	
SMP276	FBbt:20003138	
SMP277	FBbt:20003139	
SMP278	FBbt:20003140	
SMP279	FBbt:20003141	
SMP280	FBbt:20003142	
SMP281	FBbt:20003143	
SMP282	FBbt:20003144	
SMP283	FBbt:20003145	
SMP284	FBbt:20003146	
SMP285	FBbt:20003147	
SMP286	FBbt:20003148	
SMP287	FBbt:20003149	
SMP288	FBbt:20003150	
SMP289	FBbt:20003151	
SMP290	FBbt:20003152	
SMP291	FBbt:20003153	
SMP292	FBbt:20003154	
SMP293	FBbt:20003155	
SMP294	FBbt:20003156	
SMP295	FBbt:20003157	
SMP296	FBbt:20003158	
SMP297	FBbt:20003159	
SMP298	FBbt:20003160	
SMP299	FBbt:20003161	
SMP300	FBbt:20003162	
SMP301	FBbt:20003163	
SMP302	FBbt:20003164	
SMP303	FBbt:20003165	
SMP304	FBbt:20003166	
SMP305	FBbt:20003167	
SMP306	FBbt:20003168	
SMP307	FBbt:20003169	
SMP308	FBbt:20003170	
SMP309	FBbt:20003171	
SMP310	FBbt:20003172	
SMP311	FBbt:20003173	
SMP312	FBbt:20003174	
SMP313	FBbt:20003175	
SMP314	FBbt:20003176	
SMP315	FBbt:20003177	
SMP316	FBbt:20003178	
SMP317	FBbt:20003179	
SMP318	FBbt:20003180	
SMP319	FBbt:20003181	
SMP320	FBbt:20003182	
SMP321	FBbt:20003183	
SMP322	FBbt:20003184	
SMP323	FBbt:20003185	
SMP324	FBbt:20003186	
SMP325	FBbt:20003187	
SMP326	FBbt:20003188	
SMP327	FBbt:20003189	
SMP328	FBbt:20003190	
SMP329	FBbt:20003191	
SMP330	FBbt:20003192	
SMP331	FBbt:20003193	
SMP332	FBbt:20003194	
SMP333	FBbt:20003195	
SMP334	FBbt:20003196	
SMP335	FBbt:20003197	
SMP336	FBbt:20003198	
SMP337	FBbt:20003199	
SMP338	FBbt:20003200	
SMP339	FBbt:20003201	
SMP340	FBbt:20003202	
SMP341	FBbt:20003203	
SMP342	FBbt:20003204	
SMP343	FBbt:20003205	
SMP344	FBbt:20003206	
SMP345	FBbt:20003207	
SMP346	FBbt:20003208	
SMP347	FBbt:20003209	
SMP348	FBbt:20003210	
SMP349	FBbt:20003211	
SMP350	FBbt:20003212	
SMP351	FBbt:20003213	
SMP352	FBbt:20003214	
SMP353	FBbt:20003215	
SMP354	FBbt:20003216	
SMP355	FBbt:20003217	
SMP356	FBbt:20003218	
SMP357	FBbt:20003219	
SMP358	FBbt:20003220	
SMP359	FBbt:20003221	
SMP360	FBbt:20003222	
SMP361	FBbt:20003223	
SMP362	FBbt:20003224	
SMP363	FBbt:20003225	
SMP364	FBbt:20003226	
SMP365	FBbt:20003227	
SMP366	FBbt:20003228	
SMP367	FBbt:20003229	
SMP368	FBbt:20003230	
SMP369	FBbt:20003231	
SMP370	FBbt:20003232	
SMP371	FBbt:20003233	
SMP372	FBbt:20003234	
SMP373	FBbt:20003235	
SMP374	FBbt:20003236	
SMP375	FBbt:20003237	
SMP376	FBbt:20003238	
SMP377	FBbt:20003239	
SMP378	FBbt:20003240	
SMP379	FBbt:20003241	
SMP380	FBbt:20003242	
SMP381	FBbt:20003243	
SMP382	FBbt:20003244	
SMP383	FBbt:20003245	
SMP384	FBbt:20003246	
SMP385	FBbt:20003247	
SMP386	FBbt:20003248	
SMP387	FBbt:20003249	
SMP388	FBbt:20003250	
SMP389	FBbt:20003251	
SMP390	FBbt:20003252	
SMP391	FBbt:20003253	
SMP392	FBbt:20003254	
SMP393	FBbt:20003255	
SMP394	FBbt:20003256	
SMP395	FBbt:20003257	
SMP396	FBbt:20003258	
SMP397	FBbt:20003259	
SMP398	FBbt:20003260	
SMP399	FBbt:20003261	
SMP400	FBbt:20003262	
SMP401	FBbt:20003263	
SMP402	FBbt:20003264	
SMP403	FBbt:20003265	
SMP404	FBbt:20003266	
SMP405	FBbt:20003267	
SMP406	FBbt:20003268	
SMP407	FBbt:20003269	
SMP408	FBbt:20003270	
SMP409	FBbt:20003271	
SMP410	FBbt:20003272	
SMP411	FBbt:20003273	
SMP412	FBbt:20003274	
SMP413	FBbt:20003275	
SMP414	FBbt:20003276	
SMP415	FBbt:20003277	
SMP416	FBbt:20003278	
SMP417	FBbt:20003279	
SMP418	FBbt:20003280	
SMP419	FBbt:20003281	
SMP420	FBbt:20003282	
SMP421	FBbt:20003283	
SMP422	FBbt:20003284	
SMP423	FBbt:20003285	
SMP424	FBbt:20003286	
SMP425	FBbt:20003287	
SMP426	FBbt:20003288	
SMP427	FBbt:20003289	
SMP428	FBbt:20003290	
SMP429	FBbt:20003291	
SMP430	FBbt:20003292	
SMP431	FBbt:20003293	
SMP432	FBbt:20003294	
SMP433	FBbt:20003295	
SMP434	FBbt:20003296	
SMP435	FBbt:20003297	
SMP436	FBbt:20003298	
SMP437	FBbt:20003299	
SMP438	FBbt:20003300	
SMP439	FBbt:20003301	
SMP440	FBbt:20003302	
SMP441	FBbt:20003303	
SMP442	FBbt:20003304	
SMP443	FBbt:20003305	
SMP444	FBbt:20003306	
SMP445	FBbt:20003307	
SMP446	FBbt:20003308	
SMP447	FBbt:20003309	
SMP448	FBbt:20003310	
SMP449	FBbt:20003311	
SMP450	FBbt:20003312	
SMP451	FBbt:20003313	
SMP452	FBbt:20003314	
SMP453	FBbt:20003315	
SMP454	FBbt:20003316	
SMP455	FBbt:20003317	
SMP456	FBbt:20003318	
SMP457	FBbt:20003319	
SMP458	FBbt:20003320	
SMP459	FBbt:20003321	
SMP460	FBbt:20003322	
SMP461	FBbt:20003323	
SMP462	FBbt:20003324	
SMP463	FBbt:20003325	
SMP464	FBbt:20003326	
SMP465	FBbt:20003327	
SMP466	FBbt:20003328	
SMP467	FBbt:20003329	
SMP468	FBbt:20003330	
SMP469	FBbt:20003331	
SMP470	FBbt:20003332	
SMP471	FBbt:20003333	
SMP472	FBbt:20003334	
SMP473	FBbt:20003335	
SMP474	FBbt:20003336	
SMP475	FBbt:20003337	
SMP476	FBbt:20003338	
SMP477	FBbt:20003339	
SMP478	FBbt:20003340	
SMP479	FBbt:20003341	
SMP480	FBbt:20003342	
SMP481	FBbt:20003343	
SMP482	FBbt:20003344	
SMP483	FBbt:20003345	
SMP484	FBbt:20003346	
SMP485	FBbt:20003347	
SMP486	FBbt:20003348	
SMP487	FBbt:20003349	
SMP488	FBbt:20003350	
SMP489	FBbt:20003351	
SMP490	FBbt:20003352	
SMP491	FBbt:20003353	
SMP492	FBbt:20003354	
SMP493	FBbt:20003355	
SMP494	FBbt:20003356	
SMP495	FBbt:20003357	
SMP496	FBbt:20003358	
SMP497	FBbt:20003359	
SMP498	FBbt:20003360	
SMP499	FBbt:20003361	
SMP500	FBbt:20003362	
SMP501	FBbt:20003363	
SMP502	FBbt:20003364	
SMP503	FBbt:20003365	
SMP504	FBbt:20003366	
SMP505	FBbt:20003367	
SMP506	FBbt:20003368	
SMP507	FBbt:20003369	
SMP508	FBbt:20003370	
SMP509	FBbt:20003371	
SMP510	FBbt:20003372	
SMP511	FBbt:20003373	
SMP512	FBbt:20003374	
SMP513	FBbt:20003375	
SMP514	FBbt:20003376	
SMP515	FBbt:20003377	
SMP516	FBbt:20003378	
SMP517	FBbt:20003379	
SMP518	FBbt:20003380	
SMP519	FBbt:20003381	
SMP520	FBbt:20003382	
SMP521	FBbt:20003383	
SMP522	FBbt:20003384	
SMP523	FBbt:20003385	
SMP524	FBbt:20003386	
SMP525	FBbt:20003387	
SMP526	FBbt:20003388	
SMP527	FBbt:20003389	
SMP528	FBbt:20003390	
SMP529	FBbt:20003391	
SMP530	FBbt:20003392	
SMP531	FBbt:20003393	
SMP532	FBbt:20003394	
SMP533	FBbt:20003395	
SMP534	FBbt:20003396	
SMP535	FBbt:20003397	
SMP536	FBbt:20003398	
SMP537	FBbt:20003399	
SMP538	FBbt:20003400	
SMP539	FBbt:20003401	
SMP540	FBbt:20003402	
SMP541	FBbt:20003403	
SMP542	FBbt:20003404	
SMP543	FBbt:20003405	
SMP544	FBbt:20003406	
SMP545	FBbt:20003407	
SMP546	FBbt:20003408	
SMP547	FBbt:20003409	
SMP548	FBbt:20003410	
SMP549	FBbt:20003411	
SMP550	FBbt:20003412	
SMP551	FBbt:20003413	
SMP552	FBbt:20003414	
SMP553	FBbt:20003415	
SMP554	FBbt:20003416	
SMP555	FBbt:20003417	
SMP556	FBbt:20003418	
SMP557	FBbt:20003419	
SMP558	FBbt:20003420	
SMP559	FBbt:20003421	
SMP560	FBbt:20003422	
SMP561	FBbt:20003423	
SMP562	FBbt:20003424	
SMP563	FBbt:20003425	
SMP564	FBbt:20003426	
SMP565	FBbt:20003427	
SMP566	FBbt:20003428	
SMP567	FBbt:20003429	
SMP568	FBbt:20003430	
SMP569	FBbt:20003431	
SMP570	FBbt:20003432	
SMP571	FBbt:20003433	
SMP572	FBbt:20003434	
SMP573	FBbt:20003435	
SMP574	FBbt:20003436	
SMP575	FBbt:20003437	
SMP576	FBbt:20003438	
SMP577	FBbt:20003439	
SMP578	FBbt:20003440	
SMP579	FBbt:20003441	
SMP580	FBbt:20003442	
SMP581	FBbt:20003443	
SMP582	FBbt:20003444	
SMP583	FBbt:20003445	
SMP584	FBbt:20003446	
SMP585	FBbt:20003447	
SMP586	FBbt:20003448	
SMP587	FBbt:20003449	
SMP588	FBbt:20003450	
SMP589	FBbt:20003451	
SMP590	FBbt:20003452	
SMP591	FBbt:20003453	
SMP592	FBbt:20003454	
SMP593	FBbt:20003455	
SMP594	FBbt:20003456	
SMP595	FBbt:20003457	
SMP596	FBbt:20003458	
SMP597	FBbt:20003459	
SMP598	FBbt:20003460	
SMP599	FBbt:20003461	
SMP600	FBbt:20003462	
SMP601	FBbt:20003463	
SMP602	FBbt:20003464	
SMP603	FBbt:20003465	
SMP604	FBbt:20003466	
SpsP	FBbt:00111514	FlyBase:FBrf0240744
T4	FBbt:00003731	
T5	FBbt:00003736	
TRN_VP1m	FBbt:00049660	FlyBase:FBrf0246456
TRN_VP2	FBbt:00007575	
TRN_VP3	FBbt:00007576	doi:10.1016/j.cub.2020.06.028
VA1d_adPN	FBbt:00067357	
VA1d_vPN	FBbt:00049766	
VA1v_adPN	FBbt:00067361	
VA1v_vPN	FBbt:00067371	
VA2_adPN	FBbt:00067352	
VA3_adPN	FBbt:00067356	
VA4_lPN	FBbt:00007446	
VA5_lPN	FBbt:00067366	
VA6_adPN	FBbt:00007447	
VA7l_adPN	FBbt:00007448	
VA7m_lPN	FBbt:00067365	
VC1_lPN	FBbt:00007476	
VC2_lPN	FBbt:00007449	
VC3l_adPN	FBbt:00100387	
VC3m_lvPN	FBbt:00049655	
VC4_adPN	FBbt:00100383	
VC5_adPN	FBbt:00100379	
VCH	FBbt:00048127	
VES001	FBbt:20003467	
VES002	FBbt:20003468	
VES003	FBbt:20003469	
VES004	FBbt:20003470	
VES005	FBbt:20003471	
VES006	FBbt:20003472	
VES007	FBbt:20003473	
VES008	FBbt:20003474	
VES009	FBbt:20003475	
VES010	FBbt:20003476	
VES011	FBbt:20003477	
VES012	FBbt:20003478	
VES013	FBbt:20003479	
VES014	FBbt:20003480	
VES015	FBbt:20003481	
VES016	FBbt:20003482	
VES017	FBbt:20003483	
VES018	FBbt:20003484	
VES019	FBbt:20003485	
VES020	FBbt:20003486	
VES021	FBbt:20003487	
VES022	FBbt:20003488	
VES023	FBbt:20003489	
VES024	FBbt:20003490	
VES025	FBbt:20003491	
VES026	FBbt:20003492	
VES027	FBbt:20003493	
VES028	FBbt:20003494	
VES029	FBbt:20003495	
VES030	FBbt:20003496	
VES031	FBbt:20003497	
VES032	FBbt:20003498	
VES033	FBbt:20003499	
VES034	FBbt:20003500	
VES035	FBbt:20003501	
VES036	FBbt:20003502	
VES037	FBbt:20003503	
VES038	FBbt:20003504	
VES039	FBbt:20003505	
VES040	FBbt:20003506	
VES041	FBbt:20003507	
VES042	FBbt:20003508	
VES043	FBbt:20003509	
VES044	FBbt:20003510	
VES045	FBbt:20003511	
VES046	FBbt:20003512	
VES047	FBbt:20003513	
VES048	FBbt:20003514	
VES049	FBbt:20003515	
VES050	FBbt:20003516	
VES051	FBbt:20003517	
VES052	FBbt:20003518	
VES053	FBbt:20003519	
VES054	FBbt:20003520	
VES055	FBbt:20003521	
VES056	FBbt:20003522	
VES057	FBbt:20003523	
VES058	FBbt:20003524	
VES059	FBbt:20003525	
VES060	FBbt:20003526	
VES061	FBbt:20003527	
VES062	FBbt:20003528	
VES063	FBbt:20003529	
VES064	FBbt:20003530	
VES065	FBbt:20003531	
VES066	FBbt:20003532	
VES067	FBbt:20003533	
VES068	FBbt:20003534	
VES069	FBbt:20003535	
VES070	FBbt:20003536	
VES071	FBbt:20003537	
VES072	FBbt:20003538	
VES073	FBbt:20003539	
VES074	FBbt:20003540	
VES075	FBbt:20003541	
VES076	FBbt:20003542	
VES077	FBbt:20003543	
VES078	FBbt:20003544	
VES079	FBbt:20003545	
VES080	FBbt:20003546	
VES081	FBbt:20003547	
VES082	FBbt:20003548	
VES083	FBbt:20003549	
VES084	FBbt:20003550	
VL1_ilPN	FBbt:00049772	
VL1_vPN	FBbt:00007444	
VL2a_adPN	FBbt:00100380	
VL2a_vPN	FBbt:00049764	FlyBase:FBrf0246460
VL2p_adPN	FBbt:00007450	
VL2p_vPN	FBbt:00049765	
VM1_lPN	FBbt:00007452	
VM2_adPN	FBbt:00067359	
VM3_adPN	FBbt:00100481	
VM4_adPN	FBbt:00100378	
VM4_lvPN	FBbt:00049775	
VM5d_adPN	FBbt:00100385	
VM5v_adPN	FBbt:00100386	
VM7d_adPN	FBbt:00049514	FlyBase:FBrf0246460
VM7v_adPN	FBbt:00007454	
VP1d+VP4_l2PN1	FBbt:00049727	
VP1d+VP4_l2PN2	FBbt:00049728	
VP1d_il2PN	FBbt:00049721	
VP1l+VP3_ilPN	FBbt:00111339	FlyBase:FBrf0246456
VP1m+VP2_lvPN1	FBbt:00049740	
VP1m+VP2_lvPN2	FBbt:00049741	
VP1m+VP5_ilPN	FBbt:00047224	
VP1m+_lvPN	FBbt:00049745	
VP1m_l2PN	FBbt:00049729	
VP2+VC5_l2PN	FBbt:00049731	
VP2+_adPN	FBbt:00049656	
VP2_adPN	FBbt:00048093	
VP2_l2PN	FBbt:00049730	
VP3+VP1l_ivPN	FBbt:00049724	FlyBase:FBrf0246456
VP4+_vPN	FBbt:00049751	
VP4_vPN	FBbt:00049752	
VP5+VP2_l2PN	FBbt:00111340	
VP5+VP3_l2PN	FBbt:00049736	
VP5+Z_adPN	FBbt:00100374	doi:10.1101/2020.08.29.273276
VP5+_l2PN	FBbt:00049726	
VS	FBbt:00007516	
V_ilPN	FBbt:00003995	FlyBase:FBrf0246460
V_l2PN	FBbt:00047312	
V_l2PN	FBbt:00047718	FlyBase:FBrf0246460
WED001	FBbt:20003551	
WED002	FBbt:20003552	
WED003	FBbt:20003553	
WED004	FBbt:20003554	
WED005	FBbt:20003555	
WED006	FBbt:20003556	
WED007	FBbt:20003557	
WED008	FBbt:20003558	
WED009	FBbt:20003559	
WED010	FBbt:20003560	
WED011	FBbt:20003561	
WED012	FBbt:20003562	
WED013	FBbt:20003563	
WED014	FBbt:20003564	
WED015	FBbt:20003565	
WED016	FBbt:20003566	
WED017	FBbt:20003567	
WED018	FBbt:20003568	
WED019	FBbt:20003569	
WED020	FBbt:20003570	
WED021	FBbt:20003571	
WED022	FBbt:20003572	
WED023	FBbt:20003573	
WED024	FBbt:20003574	
WED025	FBbt:20003575	
WED026	FBbt:20003576	
WED027	FBbt:20003577	
WED028	FBbt:20003578	
WED029	FBbt:20003579	
WED030	FBbt:20003580	
WED031	FBbt:20003581	
WED032	FBbt:20003582	
WED033	FBbt:20003583	
WED034	FBbt:20003584	
WED035	FBbt:20003585	
WED036	FBbt:20003586	
WED037	FBbt:20003587	
WED038	FBbt:20003588	
WED039	FBbt:20003589	
WED040	FBbt:20003590	
WED041	FBbt:20003591	
WED042	FBbt:20003592	
WED043	FBbt:20003593	
WED044	FBbt:20003594	
WED045	FBbt:20003595	
WED046	FBbt:20003596	
WED047	FBbt:20003597	
WED048	FBbt:20003598	
WED049	FBbt:20003599	
WED050	FBbt:20003600	
WED051	FBbt:20003601	
WED052	FBbt:20003602	
WED053	FBbt:20003603	
WED054	FBbt:20003604	
WED055	FBbt:20003605	
WED056	FBbt:20003606	
WED057	FBbt:20003607	
WED058	FBbt:20003608	
WED059	FBbt:20003609	
WED060	FBbt:20003610	
WED061	FBbt:20003611	
WED062	FBbt:20003612	
WED063	FBbt:20003613	
WED064	FBbt:20003614	
WED065	FBbt:20003615	
WED066	FBbt:20003616	
WED067	FBbt:20003617	
WED068	FBbt:20003618	
WED069	FBbt:20003619	
WED070	FBbt:20003620	
WED071	FBbt:20003621	
WED072	FBbt:20003622	
WED073	FBbt:20003623	
WED074	FBbt:20003624	
WED075	FBbt:20003625	
WED076	FBbt:20003626	
WED077	FBbt:20003627	
WED078	FBbt:20003628	
WED079	FBbt:20003629	
WED080	FBbt:20003630	
WED081	FBbt:20003631	
WED082	FBbt:20003632	
WED083	FBbt:20003633	
WED084	FBbt:20003634	
WED085	FBbt:20003635	
WED086	FBbt:20003636	
WED087	FBbt:20003637	
WED088	FBbt:20003638	
WED089	FBbt:20003639	
WED090	FBbt:20003640	
WED091	FBbt:20003641	
WED092	FBbt:20003642	
WED093	FBbt:20003643	
WED094	FBbt:20003644	
WED095	FBbt:20003645	
WED096	FBbt:20003646	
WED097	FBbt:20003647	
WED098	FBbt:20003648	
WED099	FBbt:20003649	
WED100	FBbt:20003650	
WED101	FBbt:20003651	
WED102	FBbt:20003652	
WED103	FBbt:20003653	
WED104	FBbt:20003654	
WED105	FBbt:20003655	
WED106	FBbt:20003656	
WED107	FBbt:20003657	
WED108	FBbt:20003658	
WED109	FBbt:20003659	
WED110	FBbt:20003660	
WED111	FBbt:20003661	
WED112	FBbt:20003662	
WED113	FBbt:20003663	
WED114	FBbt:20003664	
WED115	FBbt:20003665	
WED116	FBbt:20003666	
WED117	FBbt:20003667	
WED118	FBbt:20003668	
WED119	FBbt:20003669	
WED120	FBbt:20003670	
WED121	FBbt:20003671	
WED122	FBbt:20003672	
WED123	FBbt:20003673	
WED124	FBbt:20003674	
WED125	FBbt:20003675	
WED126	FBbt:20003676	
WED127	FBbt:20003677	
WED128	FBbt:20003678	
WED129	FBbt:20003679	
WED130	FBbt:20003680	
WED131	FBbt:20003681	
WED132	FBbt:20003682	
WED133	FBbt:20003683	
WED134	FBbt:20003684	
WED135	FBbt:20003685	
WED136	FBbt:20003686	
WED137	FBbt:20003687	
WED138	FBbt:20003688	
WED139	FBbt:20003689	
WED140	FBbt:20003690	
WED141	FBbt:20003691	
WED142	FBbt:20003692	
WED143	FBbt:20003693	
WED144	FBbt:20003694	
WED145	FBbt:20003695	
WED146	FBbt:20003696	
WED147	FBbt:20003697	
WED148	FBbt:20003698	
WED149	FBbt:20003699	
WED150	FBbt:20003700	
WED151	FBbt:20003701	
WED152	FBbt:20003702	
WED153	FBbt:20003703	
WED154	FBbt:20003704	
WED155	FBbt:20003705	
WED156	FBbt:20003706	
WED157	FBbt:20003707	
WED158	FBbt:20003708	
WED159	FBbt:20003709	
WED160	FBbt:20003710	
WED161	FBbt:20003711	
WED162	FBbt:20003712	
WED163	FBbt:20003713	
WED164	FBbt:20003714	
WED165	FBbt:20003715	
WED166	FBbt:20003716	
WED167	FBbt:20003717	
WED168	FBbt:20003718	
WED169	FBbt:20003719	
WED170	FBbt:20003720	
WED171	FBbt:20003721	
WED172	FBbt:20003722	
WED173	FBbt:20003723	
WED174	FBbt:20003724	
WED175	FBbt:20003725	
WED176	FBbt:20003726	
WED177	FBbt:20003727	
WED178	FBbt:20003728	
WED179	FBbt:20003729	
WED180	FBbt:20003730	
WED181	FBbt:20003731	
WED182	FBbt:20003732	
WED183	FBbt:20003733	
WEDPN3	FBbt:00049456	
WEDPN4	FBbt:00049457	
WEDPN5	FBbt:00049458	
aDT4	FBbt:00110539	
aMe12	FBbt:00049823	
aMe23	FBbt:00049789	doi:10.1101/2020.08.29.273276
aSP-g1	FBbt:00049330	
aSP8	FBbt:00110469	
l-LNv	FBbt:00003763	
oviDNa	FBbt:00049920	FlyBase:FBrf0245074
oviDNb	FBbt:00049921	FlyBase:FBrf0245074
oviIN	FBbt:00049928	FlyBase:FBrf0245074
s-LNv	FBbt:00007428	
